name,id,minutes,goals_scored,assists,clean_sheets,goals_conceded,own_goals,penalties_saved,penalties_missed,yellow_cards,red_cards,saves,bonus,bps,influence,creativity,threat,ict_index,starts,expected_goals,expected_assists,expected_goal_involvements,expected_goals_conceded,total_points,in_dreamteam,fixture,team,position,price,team_a,team_h,team_a_score,team_h_score,was_home,opponent,gameweek
David Raya Martín,1,90,0,0,0,1,0,0,0,0,0,4,0,15,28.8,0.0,0.0,2.9,1,0.00,0.01,0.01,0.39,3,False,29,Arsenal,GK,60,Chelsea,Arsenal,1,2,True,Chelsea,3
Kepa Arrizabalaga Revuelta,2,0,0,0,0,0,0,0,0,0,0,0,0,0,0.0,0.0,0.0,0.0,0,0.00,0.00,0.00,0.00,0,False,29,Arsenal,GK,50,Chelsea,Arsenal,1,2,True,Chelsea,3
Illan Meslier,3,0,0,0,0,0,0,0,0,0,0,0,0,0,0.0,0.0,0.0,0.0,0,0.00,0.00,0.00,0.00,0,False,29,Arsenal,GK,50,Chelsea,Arsenal,1,2,True,Chelsea,3
Gabriel dos Santos Magalhães,4,90,0,0,0,1,0,0,0,0,0,0,0,10,23.6,2.4,76.0,10.2,1,0.31,0.02,0.33,0.39,2,False,29,Arsenal,DEF,80,Chelsea,Arsenal,1,2,True,Chelsea,3
Jurriën Timber,5,0,0,0,0,0,0,0,0,0,0,0,0,0,0.0,0.0,0.0,0.0,0,0.00,0.00,0.00,0.00,0,False,29,Arsenal,DEF,65,Chelsea,Arsenal,1,2,True,Chelsea,3
William Saliba,6,0,0,0,0,0,0,0,0,0,0,0,0,0,0.0,0.0,0.0,0.0,0,0.00,0.00,0.00,0.00,0,False,29,Arsenal,DEF,60,Chelsea,Arsenal,1,2,True,Chelsea,3
Myles Lewis-Skelly,7,66,0,0,0,1,0,0,0,0,0,0,0,5,0.0,12.7,4.0,1.0,1,0.03,0.10,0.13,0.26,2,False,29,Arsenal,MID,55,Chelsea,Arsenal,1,2,True,Chelsea,3
Riccardo Calafiori,8,66,0,0,0,1,0,0,0,0,0,0,0,0,4.4,3.2,26.0,3.4,1,0.39,0.03,0.42,0.26,2,False,29,Arsenal,DEF,57,Chelsea,Arsenal,1,2,True,Chelsea,3
Piero Hincapié,9,23,0,0,0,0,0,0,0,0,0,0,0,3,6.0,0.5,2.0,0.9,0,0.00,0.00,0.00,0.13,1,False,29,Arsenal,DEF,54,Chelsea,Arsenal,1,2,True,Chelsea,3
Benjamin White,10,90,0,0,0,1,0,0,0,0,0,0,0,11,15.8,5.1,10.0,3.1,1,0.00,0.03,0.03,0.39,2,False,29,Arsenal,DEF,55,Chelsea,Arsenal,1,2,True,Chelsea,3
Cristhian Mosquera,11,0,0,0,0,0,0,0,0,0,0,0,0,0,0.0,0.0,0.0,0.0,0,0.00,0.00,0.00,0.00,0,False,29,Arsenal,DEF,55,Chelsea,Arsenal,1,2,True,Chelsea,3
Bukayo Saka,12,89,0,0,0,1,0,0,0,0,0,0,0,13,10.6,27.8,70.0,10.8,1,0.23,0.23,0.46,0.39,2,False,29,Arsenal,MID,95,Chelsea,Arsenal,1,2,True,Chelsea,3
Declan Rice,13,90,0,1,0,1,0,0,0,0,0,0,0,22,33.8,19.9,2.0,5.6,1,0.03,0.08,0.11,0.39,5,False,29,Arsenal,MID,75,Chelsea,Arsenal,1,2,True,Chelsea,3
Eberechi Eze,14,0,0,0,0,0,0,0,0,0,0,0,0,0,0.0,0.0,0.0,0.0,0,0.00,0.00,0.00,0.00,0,False,29,Arsenal,MID,64,Chelsea,Arsenal,1,2,True,Chelsea,3
Martin Ødegaard,15,76,1,0,0,1,0,0,0,0,0,0,3,47,45.0,54.2,30.0,12.9,1,0.72,0.88,1.60,0.27,10,True,29,Arsenal,MID,66,Chelsea,Arsenal,1,2,True,Chelsea,3
Noni Madueke,16,1,0,0,0,0,0,0,0,0,0,0,0,3,2.2,0.8,0.0,0.3,0,0.00,0.01,0.01,0.00,1,False,29,Arsenal,MID,63,Chelsea,Arsenal,1,2,True,Chelsea,3
Mikel Merino Zazón,17,13,0,0,0,0,0,0,0,1,0,0,0,0,0.0,1.1,0.0,0.1,0,0.00,0.00,0.00,0.11,0,False,29,Arsenal,MID,59,Chelsea,Arsenal,1,2,True,Chelsea,3
Gabriel Martinelli Silva,18,0,0,0,0,0,0,0,0,0,0,0,0,0,0.0,0.0,0.0,0.0,0,0.00,0.00,0.00,0.00,0,False,29,Arsenal,MID,63,Chelsea,Arsenal,1,2,True,Chelsea,3
Martín Zubimendi Ibáñez,19,23,0,0,0,0,0,0,0,0,0,0,0,1,1.4,0.8,11.0,1.3,0,0.08,0.02,0.10,0.13,1,False,29,Arsenal,MID,54,Chelsea,Arsenal,1,2,True,Chelsea,3
Max Dowman,20,0,0,0,0,0,0,0,0,0,0,0,0,0,0.0,0.0,0.0,0.0,0,0.00,0.00,0.00,0.00,0,False,29,Arsenal,MID,54,Chelsea,Arsenal,1,2,True,Chelsea,3
Christian Nørgaard,21,0,0,0,0,0,0,0,0,0,0,0,0,0,0.0,0.0,0.0,0.0,0,0.00,0.00,0.00,0.00,0,False,30,Everton,MID,49,Manchester United,Everton,2,2,True,Manchester United,3
Ethan Nwaneri,22,0,0,0,0,0,0,0,0,0,0,0,0,0,0.0,0.0,0.0,0.0,0,0.00,0.00,0.00,0.00,0,False,29,Arsenal,MID,54,Chelsea,Arsenal,1,2,True,Chelsea,3
Fábio Ferreira Vieira,23,0,0,0,0,0,0,0,0,0,0,0,0,0,0.0,0.0,0.0,0.0,0,0.00,0.00,0.00,0.00,0,False,29,Arsenal,MID,55,Chelsea,Arsenal,1,2,True,Chelsea,3
Reiss Nelson,24,0,0,0,0,0,0,0,0,0,0,0,0,0,0.0,0.0,0.0,0.0,0,0.00,0.00,0.00,0.00,0,False,29,Arsenal,MID,55,Chelsea,Arsenal,1,2,True,Chelsea,3
Viktor Gyökeres,25,12,0,0,0,0,0,0,0,0,0,0,0,2,0.0,0.1,0.0,0.0,0,0.00,0.00,0.00,0.11,1,False,29,Arsenal,FWD,73,Chelsea,Arsenal,1,2,True,Chelsea,3
Kai Havertz,26,77,1,0,0,1,0,0,0,0,0,0,2,38,43.0,37.0,57.0,13.7,1,0.27,0.27,0.54,0.27,8,False,29,Arsenal,FWD,75,Chelsea,Arsenal,1,2,True,Chelsea,3
Gabriel Fernando de Jesus,27,0,0,0,0,0,0,0,0,0,0,0,0,0,0.0,0.0,0.0,0.0,0,0.00,0.00,0.00,0.00,0,False,29,Arsenal,FWD,59,Chelsea,Arsenal,1,2,True,Chelsea,3
Emiliano Martínez Romero,28,90,0,0,0,2,0,0,0,0,0,8,0,26,63.2,0.0,0.0,6.3,1,0.00,0.00,0.00,2.05,3,False,29,Chelsea,GK,50,Chelsea,Arsenal,1,2,False,Arsenal,3
Marco Bizot,29,0,0,0,0,0,0,0,0,0,0,0,0,0,0.0,0.0,0.0,0.0,0,0.00,0.00,0.00,0.00,0,False,25,Aston Villa,GK,45,Aston Villa,Hull City,0,0,False,Hull City,3
Lucas Digne,30,0,0,0,0,0,0,0,0,0,0,0,0,0,0.0,0.0,0.0,0.0,0,0.00,0.00,0.00,0.00,0,False,25,Aston Villa,DEF,45,Aston Villa,Hull City,0,0,False,Hull City,3
Ezri Konsa Ngoyo,31,90,0,0,0,1,0,0,0,0,0,0,0,15,19.4,1.4,4.0,2.5,1,0.00,0.01,0.01,0.39,4,False,29,Arsenal,DEF,44,Chelsea,Arsenal,1,2,True,Chelsea,3
Matty Cash,32,84,0,0,1,0,0,0,0,0,0,0,0,23,6.4,16.3,6.0,2.9,1,0.00,0.03,0.03,0.22,6,False,25,Aston Villa,DEF,45,Aston Villa,Hull City,0,0,False,Hull City,3
Tyrone Mings,33,90,0,0,1,0,0,0,0,0,0,0,0,28,14.8,4.4,13.0,3.2,1,0.11,0.02,0.13,0.57,6,False,25,Aston Villa,DEF,45,Aston Villa,Hull City,0,0,False,Hull City,3
Pau Torres,34,0,0,0,0,0,0,0,0,0,0,0,0,0,0.0,0.0,0.0,0.0,0,0.00,0.00,0.00,0.00,0,False,25,Aston Villa,DEF,45,Aston Villa,Hull City,0,0,False,Hull City,3
Lamare Bogarde,35,0,0,0,0,0,0,0,0,0,0,0,0,0,0.0,0.0,0.0,0.0,0,0.00,0.00,0.00,0.00,0,False,25,Aston Villa,MID,50,Aston Villa,Hull City,0,0,False,Hull City,3
Ian Maatsen,36,74,0,0,1,0,0,0,0,0,0,0,1,29,10.6,19.8,4.0,3.4,1,0.00,0.42,0.42,0.22,7,False,25,Aston Villa,DEF,45,Aston Villa,Hull City,0,0,False,Hull City,3
Victor Lindelöf,37,90,0,0,1,0,0,0,0,0,0,0,0,28,22.4,24.9,2.0,4.9,1,0.00,0.08,0.08,0.57,6,False,25,Aston Villa,DEF,45,Aston Villa,Hull City,0,0,False,Hull City,3
Andrés García,38,0,0,0,0,0,0,0,0,0,0,0,0,0,0.0,0.0,0.0,0.0,0,0.00,0.00,0.00,0.00,0,False,25,Aston Villa,DEF,40,Aston Villa,Hull City,0,0,False,Hull City,3
Kosta Nedeljkovic,39,0,0,0,0,0,0,0,0,0,0,0,0,0,0.0,0.0,0.0,0.0,0,0.00,0.00,0.00,0.00,0,False,25,Aston Villa,DEF,40,Aston Villa,Hull City,0,0,False,Hull City,3
Morgan Rogers,40,86,1,0,0,2,0,0,0,1,0,0,0,22,30.2,13.6,16.0,6.0,1,0.08,0.03,0.11,2.05,6,False,29,Chelsea,MID,75,Chelsea,Arsenal,1,2,False,Arsenal,3
Emiliano Buendía Stati,41,74,0,0,1,0,0,0,0,0,0,0,0,2,0.0,10.8,7.0,1.4,1,0.61,0.05,0.66,0.22,3,False,25,Aston Villa,MID,60,Aston Villa,Hull City,0,0,False,Hull City,3
Evann Guessand,42,0,0,0,0,0,0,0,0,0,0,0,0,0,0.0,0.0,0.0,0.0,0,0.00,0.00,0.00,0.00,0,False,24,Crystal Palace,MID,55,Crystal Palace,Fulham,3,2,False,Fulham,3
Youri Tielemans,43,90,0,0,0,2,0,0,0,0,0,0,0,17,18.6,18.9,9.0,4.7,1,0.05,0.06,0.11,1.01,2,False,30,Manchester United,MID,59,Manchester United,Everton,2,2,False,Everton,3
Leon Bailey,44,0,0,0,0,0,0,0,0,0,0,0,0,0,0.0,0.0,0.0,0.0,0,0.00,0.00,0.00,0.00,0,False,25,Aston Villa,MID,54,Aston Villa,Hull City,0,0,False,Hull City,3
John McGinn,45,90,0,0,1,0,0,0,0,0,0,0,0,6,1.4,5.6,4.0,1.1,1,0.68,0.03,0.71,0.57,3,False,25,Aston Villa,MID,54,Aston Villa,Hull City,0,0,False,Hull City,3
Ross Barkley,46,90,0,0,1,0,0,0,0,0,0,0,0,15,13.6,34.1,15.0,6.3,1,0.22,0.09,0.31,0.57,3,False,25,Aston Villa,MID,50,Aston Villa,Hull City,0,0,False,Hull City,3
Boubacar Kamara,47,90,0,0,1,0,0,0,0,0,0,0,0,20,13.6,26.2,0.0,4.0,1,0.00,0.07,0.07,0.57,3,False,25,Aston Villa,MID,50,Aston Villa,Hull City,0,0,False,Hull City,3
Amadou Onana,48,0,0,0,0,0,0,0,0,0,0,0,0,0,0.0,0.0,0.0,0.0,0,0.00,0.00,0.00,0.00,0,False,25,Aston Villa,MID,50,Aston Villa,Hull City,0,0,False,Hull City,3
Samuel Iling-Junior,49,0,0,0,0,0,0,0,0,0,0,0,0,0,0.0,0.0,0.0,0.0,0,0.00,0.00,0.00,0.00,0,False,25,Aston Villa,MID,50,Aston Villa,Hull City,0,0,False,Hull City,3
Bradley Burrowes,50,0,0,0,0,0,0,0,0,0,0,0,0,0,0.0,0.0,0.0,0.0,0,0.00,0.00,0.00,0.00,0,False,25,Aston Villa,MID,45,Aston Villa,Hull City,0,0,False,Hull City,3
George Hemmings,51,74,0,0,1,0,0,0,0,0,0,0,0,12,10.8,13.5,21.0,4.5,1,0.07,0.14,0.21,0.22,3,False,25,Aston Villa,MID,45,Aston Villa,Hull City,0,0,False,Hull City,3
Alysson Edward Franco da Rocha dos Santos,52,15,0,0,0,0,0,0,0,0,0,0,0,3,0.2,1.8,0.0,0.2,0,0.00,0.00,0.00,0.35,1,False,25,Aston Villa,MID,50,Aston Villa,Hull City,0,0,False,Hull City,3
Johan Manzambi,53,0,0,0,0,0,0,0,0,0,0,0,0,0,0.0,0.0,0.0,0.0,0,0.00,0.00,0.00,0.00,0,False,25,Aston Villa,MID,59,Aston Villa,Hull City,0,0,False,Hull City,3
Joao Gomes,54,0,0,0,0,0,0,0,0,0,0,0,0,0,0.0,0.0,0.0,0.0,0,0.00,0.00,0.00,0.00,0,False,25,Aston Villa,MID,55,Aston Villa,Hull City,0,0,False,Hull City,3
Ollie Watkins,55,0,0,0,0,0,0,0,0,0,0,0,0,0,0.0,0.0,0.0,0.0,0,0.00,0.00,0.00,0.00,0,False,25,Aston Villa,FWD,78,Aston Villa,Hull City,0,0,False,Hull City,3
Tammy Abraham,56,5,0,0,0,0,0,0,0,0,0,0,0,3,2.0,1.0,0.0,0.3,0,0.00,0.00,0.00,0.35,1,False,25,Aston Villa,FWD,55,Aston Villa,Hull City,0,0,False,Hull City,3
Đorđe Petrović,57,90,0,0,0,2,0,0,0,0,0,0,0,0,3.4,0.0,0.0,0.3,1,0.00,0.00,0.00,0.71,1,False,27,Bournemouth,GK,45,Bournemouth,Newcastle,2,2,False,Newcastle,3
Fraser Forster,58,0,0,0,0,0,0,0,0,0,0,0,0,0,0.0,0.0,0.0,0.0,0,0.00,0.00,0.00,0.00,0,False,27,Bournemouth,GK,40,Bournemouth,Newcastle,2,2,False,Newcastle,3
Will Dennis,59,0,0,0,0,0,0,0,0,0,0,0,0,0,0.0,0.0,0.0,0.0,0,0.00,0.00,0.00,0.00,0,False,27,Bournemouth,GK,40,Bournemouth,Newcastle,2,2,False,Newcastle,3
James Hill,60,90,0,0,0,2,0,0,0,0,0,0,0,4,16.8,31.5,2.0,5.0,1,0.00,0.02,0.02,0.71,1,False,27,Bournemouth,DEF,55,Bournemouth,Newcastle,2,2,False,Newcastle,3
Adrien Truffert,61,90,0,0,0,2,0,0,0,1,0,0,0,-3,10.2,15.7,2.0,2.8,1,0.01,0.06,0.07,0.71,0,False,27,Bournemouth,DEF,55,Bournemouth,Newcastle,2,2,False,Newcastle,3
Bafodé Diakité,62,0,0,0,0,0,0,0,0,0,0,0,0,0,0.0,0.0,0.0,0.0,0,0.00,0.00,0.00,0.00,0,False,27,Bournemouth,DEF,50,Bournemouth,Newcastle,2,2,False,Newcastle,3
Veljko Milosavljevic,63,0,0,0,0,0,0,0,0,0,0,0,0,0,0.0,0.0,0.0,0.0,0,0.00,0.00,0.00,0.00,0,False,27,Bournemouth,DEF,50,Bournemouth,Newcastle,2,2,False,Newcastle,3
Adam Smith,64,90,0,0,0,2,0,0,0,1,0,0,0,3,9.6,25.3,4.0,3.9,1,0.01,0.04,0.05,0.71,0,False,27,Bournemouth,DEF,45,Bournemouth,Newcastle,2,2,False,Newcastle,3
Julián Araujo Zúñiga,65,0,0,0,0,0,0,0,0,0,0,0,0,0,0.0,0.0,0.0,0.0,0,0.00,0.00,0.00,0.00,0,False,27,Bournemouth,DEF,45,Bournemouth,Newcastle,2,2,False,Newcastle,3
Julio Soler Barreto,66,0,0,0,0,0,0,0,0,0,0,0,0,0,0.0,0.0,0.0,0.0,0,0.00,0.00,0.00,0.00,0,False,27,Bournemouth,DEF,40,Bournemouth,Newcastle,2,2,False,Newcastle,3
Rayan Vitor Simplício Rocha,67,88,0,0,0,2,0,0,0,0,0,0,0,8,1.6,0.9,10.0,1.3,1,0.04,0.01,0.05,0.66,2,False,27,Bournemouth,MID,65,Bournemouth,Newcastle,2,2,False,Newcastle,3
Marcus Tavernier,68,88,1,0,0,2,0,0,0,0,0,0,3,43,46.6,13.2,77.0,13.7,1,1.01,0.05,1.06,0.66,10,True,27,Bournemouth,MID,60,Bournemouth,Newcastle,2,2,False,Newcastle,3
Alex Scott,69,90,0,2,0,2,0,0,0,0,0,0,2,37,13.4,22.9,12.0,4.8,1,0.07,0.02,0.09,0.71,10,False,27,Bournemouth,MID,60,Bournemouth,Newcastle,2,2,False,Newcastle,3
Justin Kluivert,70,75,0,0,0,1,0,0,0,1,0,0,0,6,0.0,2.0,3.0,0.2,1,0.06,0.01,0.07,0.48,1,False,27,Bournemouth,MID,60,Bournemouth,Newcastle,2,2,False,Newcastle,3
Lewis Cook,71,14,0,0,0,1,0,0,0,0,0,0,0,2,0.0,0.3,0.0,0.0,0,0.00,0.00,0.00,0.23,1,False,27,Bournemouth,MID,50,Bournemouth,Newcastle,2,2,False,Newcastle,3
Ben Gannon-Doak,72,1,0,0,0,0,0,0,0,0,0,0,0,3,2.0,0.5,5.0,0.8,0,0.02,0.00,0.02,0.05,1,False,27,Bournemouth,MID,50,Bournemouth,Newcastle,2,2,False,Newcastle,3
Tyler Adams,73,75,0,0,0,1,0,0,0,0,0,0,0,15,12.2,11.5,0.0,2.4,1,0.00,0.01,0.01,0.48,4,False,27,Bournemouth,MID,50,Bournemouth,Newcastle,2,2,False,Newcastle,3
David Brooks,74,14,0,0,0,1,0,0,0,0,0,0,0,2,0.0,0.0,0.0,0.0,0,0.00,0.00,0.00,0.23,1,False,27,Bournemouth,MID,50,Bournemouth,Newcastle,2,2,False,Newcastle,3
Ryan Christie,75,1,0,0,0,0,0,0,0,0,0,0,0,3,0.0,0.0,0.0,0.0,0,0.00,0.00,0.00,0.00,1,False,27,Bournemouth,MID,50,Bournemouth,Newcastle,2,2,False,Newcastle,3
Alex Tóth,76,0,0,0,0,0,0,0,0,0,0,0,0,0,0.0,0.0,0.0,0.0,0,0.00,0.00,0.00,0.00,0,False,27,Bournemouth,MID,50,Bournemouth,Newcastle,2,2,False,Newcastle,3
Amine Adli,77,0,0,0,0,0,0,0,0,0,0,0,0,0,0.0,0.0,0.0,0.0,0,0.00,0.00,0.00,0.00,0,False,27,Bournemouth,MID,49,Bournemouth,Newcastle,2,2,False,Newcastle,3
Junior Kroupi,78,0,0,0,0,0,0,0,0,0,0,0,0,0,0.0,0.0,0.0,0.0,0,0.00,0.00,0.00,0.00,0,False,27,Bournemouth,MID,74,Bournemouth,Newcastle,2,2,False,Newcastle,3
Francisco Evanilson de Lima Barbosa,79,90,0,0,0,2,0,0,0,0,0,0,0,4,3.2,5.1,21.0,2.9,1,0.13,0.01,0.14,0.71,2,False,27,Bournemouth,FWD,60,Bournemouth,Newcastle,2,2,False,Newcastle,3
Enes Ünal,80,0,0,0,0,0,0,0,0,0,0,0,0,0,0.0,0.0,0.0,0.0,0,0.00,0.00,0.00,0.00,0,False,27,Bournemouth,FWD,55,Bournemouth,Newcastle,2,2,False,Newcastle,3
Álvaro Rodríguez,81,0,0,0,0,0,0,0,0,0,0,0,0,0,0.0,0.0,0.0,0.0,0,0.00,0.00,0.00,0.00,0,False,27,Bournemouth,FWD,60,Bournemouth,Newcastle,2,2,False,Newcastle,3
Caoimhín Kelleher,82,90,0,0,0,1,0,0,0,0,0,2,0,10,16.8,0.0,0.0,1.7,1,0.00,0.00,0.00,1.71,2,False,22,Brentford,GK,50,Tottenham,Brentford,1,1,True,Tottenham,3
Hákon Rafn Valdimarsson,83,0,0,0,0,0,0,0,0,0,0,0,0,0,0.0,0.0,0.0,0.0,0,0.00,0.00,0.00,0.00,0,False,22,Brentford,GK,45,Tottenham,Brentford,1,1,True,Tottenham,3
Nathan Collins,84,16,0,0,0,0,0,0,0,0,0,0,0,4,1.0,0.0,0.0,0.1,1,0.00,0.00,0.00,0.10,1,False,22,Brentford,DEF,55,Tottenham,Brentford,1,1,True,Tottenham,3
Sepp van den Berg,85,0,0,0,0,0,0,0,0,0,0,0,0,0,0.0,0.0,0.0,0.0,0,0.00,0.00,0.00,0.00,0,False,22,Brentford,DEF,49,Tottenham,Brentford,1,1,True,Tottenham,3
Keane Lewis-Potter,86,90,0,0,0,1,0,0,0,0,0,0,0,4,8.2,45.1,22.0,7.5,1,0.24,0.40,0.64,1.71,2,False,22,Brentford,MID,55,Tottenham,Brentford,1,1,True,Tottenham,3
Kristoffer Ajer,87,90,0,0,0,1,0,0,0,0,0,0,0,8,11.8,0.3,0.0,1.2,1,0.00,0.00,0.00,1.71,2,False,22,Brentford,DEF,45,Tottenham,Brentford,1,1,True,Tottenham,3
Michael Kayode,88,45,0,0,0,0,0,0,0,0,0,0,0,2,7.6,0.3,2.0,1.0,1,0.03,0.00,0.03,0.35,1,False,22,Brentford,DEF,46,Tottenham,Brentford,1,1,True,Tottenham,3
Rico Henry,89,0,0,0,0,0,0,0,0,0,0,0,0,0,0.0,0.0,0.0,0.0,0,0.00,0.00,0.00,0.00,0,False,22,Brentford,DEF,45,Tottenham,Brentford,1,1,True,Tottenham,3
Aaron Hickey,90,45,0,0,0,1,0,0,0,0,0,0,0,0,7.6,1.0,0.0,0.9,0,0.00,0.00,0.00,1.36,1,False,22,Brentford,DEF,45,Tottenham,Brentford,1,1,True,Tottenham,3
Ethan Pinnock,91,90,0,0,0,1,0,0,0,1,0,0,0,3,18.2,0.0,6.0,2.4,1,0.11,0.00,0.11,2.12,3,False,26,Coventry City,DEF,45,Coventry City,Manchester City,0,1,False,Manchester City,3
Kim Ji-soo,92,0,0,0,0,0,0,0,0,0,0,0,0,0,0.0,0.0,0.0,0.0,0,0.00,0.00,0.00,0.00,0,False,22,Brentford,DEF,45,Tottenham,Brentford,1,1,True,Tottenham,3
Jannik Schuster,93,73,0,0,0,1,0,0,0,0,0,0,0,11,17.2,0.2,4.0,2.1,0,0.10,0.01,0.11,1.61,4,False,22,Brentford,DEF,45,Tottenham,Brentford,1,1,True,Tottenham,3
Kevin Schade,94,90,0,0,0,1,0,0,0,0,0,0,0,11,4.0,13.3,8.0,2.5,1,0.00,0.17,0.17,1.71,2,False,22,Brentford,MID,60,Tottenham,Brentford,1,1,True,Tottenham,3
Dango Ouattara,95,45,0,0,0,0,0,0,0,0,0,0,0,6,6.8,11.3,0.0,1.8,1,0.00,0.01,0.01,0.35,1,False,22,Brentford,MID,65,Tottenham,Brentford,1,1,True,Tottenham,3
Mikkel Damsgaard,96,85,0,1,0,1,0,0,0,0,0,0,3,30,10.0,28.5,6.0,4.5,1,0.00,0.21,0.21,1.63,8,False,22,Brentford,MID,55,Tottenham,Brentford,1,1,True,Tottenham,3
Mathias Jensen,97,0,0,0,0,0,0,0,0,0,0,0,0,0,0.0,0.0,0.0,0.0,0,0.00,0.00,0.00,0.00,0,False,22,Brentford,MID,55,Tottenham,Brentford,1,1,True,Tottenham,3
Vitaly Janelt,98,90,1,0,0,1,0,0,0,1,0,0,3,30,48.0,3.1,17.0,6.8,1,0.11,0.01,0.12,1.71,11,True,22,Brentford,MID,50,Tottenham,Brentford,1,1,True,Tottenham,3
Antoni Milambo,99,0,0,0,0,0,0,0,0,0,0,0,0,0,0.0,0.0,0.0,0.0,0,0.00,0.00,0.00,0.00,0,False,22,Brentford,MID,50,Tottenham,Brentford,1,1,True,Tottenham,3
Fábio Freitas Gouveia Carvalho,100,0,0,0,0,0,0,0,0,0,0,0,0,0,0.0,0.0,0.0,0.0,0,0.00,0.00,0.00,0.00,0,False,22,Brentford,MID,50,Tottenham,Brentford,1,1,True,Tottenham,3
Jordan Henderson,101,0,0,0,0,0,0,0,0,0,0,0,0,0,0.0,0.0,0.0,0.0,0,0.00,0.00,0.00,0.00,0,False,29,Chelsea,MID,50,Chelsea,Arsenal,1,2,False,Arsenal,3
Yehor Yarmoliuk,102,45,0,0,0,1,0,0,0,1,0,0,0,1,2.4,3.4,2.0,0.8,0,0.03,0.02,0.05,1.36,0,False,22,Brentford,MID,49,Tottenham,Brentford,1,1,True,Tottenham,3
Josh Dasilva,103,0,0,0,0,0,0,0,0,0,0,0,0,0,0.0,0.0,0.0,0.0,0,0.00,0.00,0.00,0.00,0,False,22,Brentford,MID,50,Tottenham,Brentford,1,1,True,Tottenham,3
Frank Onyeka,104,62,0,0,0,1,0,0,0,0,0,0,0,5,0.4,0.4,0.0,0.1,1,0.00,0.00,0.00,1.17,2,False,26,Coventry City,MID,50,Coventry City,Manchester City,0,1,False,Manchester City,3
Jaidon Anthony,105,45,0,0,0,1,0,0,0,0,0,0,0,3,0.0,2.2,3.0,0.4,0,0.05,0.01,0.06,1.36,1,False,22,Brentford,MID,60,Tottenham,Brentford,1,1,True,Tottenham,3
Igor Thiago Nascimento Rodrigues,106,90,0,0,0,1,0,0,0,0,0,0,0,9,16.0,1.4,43.0,6.0,1,0.50,0.01,0.51,1.71,2,False,22,Brentford,FWD,80,Tottenham,Brentford,1,1,True,Tottenham,3
Kaye Furo,107,0,0,0,0,0,0,0,0,0,0,0,0,0,0.0,0.0,0.0,0.0,0,0.00,0.00,0.00,0.00,0,False,22,Brentford,FWD,45,Tottenham,Brentford,1,1,True,Tottenham,3
Callum Wilson,108,4,0,0,0,0,0,0,0,0,0,0,0,2,1.0,0.0,0.0,0.1,0,0.00,0.00,0.00,0.08,1,False,22,Brentford,FWD,55,Tottenham,Brentford,1,1,True,Tottenham,3
Bart Verbruggen,109,90,0,0,0,1,0,0,0,0,0,3,0,17,29.2,3.0,0.0,3.2,1,0.00,0.20,0.20,2.49,3,False,23,Brighton,GK,45,Leeds United,Brighton,1,1,True,Leeds United,3
Carl Rushworth,110,90,0,0,0,1,0,0,0,0,0,2,0,13,18.8,0.0,0.0,1.9,1,0.00,0.00,0.00,2.12,2,False,26,Coventry City,GK,45,Coventry City,Manchester City,0,1,False,Manchester City,3
Jason Steele,111,0,0,0,0,0,0,0,0,0,0,0,0,0,0.0,0.0,0.0,0.0,0,0.00,0.00,0.00,0.00,0,False,23,Brighton,GK,40,Leeds United,Brighton,1,1,True,Leeds United,3
Jan Paul van Hecke,112,90,0,0,1,0,0,0,0,0,0,0,2,29,16.6,12.8,11.0,4.0,1,0.09,0.01,0.10,0.92,8,False,28,Sunderland,DEF,49,Sunderland,Nottingham,0,0,False,Nottingham,3
Ferdi Kadıoğlu,113,77,0,0,0,1,0,0,0,0,0,0,0,8,12.6,12.5,19.0,4.4,1,0.06,0.01,0.07,2.40,2,False,23,Brighton,DEF,44,Leeds United,Brighton,1,1,True,Leeds United,3
Olivier Boscagli,114,90,0,0,0,1,0,0,0,0,0,0,0,17,20.6,62.3,0.0,8.3,1,0.00,0.33,0.33,2.49,2,False,23,Brighton,DEF,45,Leeds United,Brighton,1,1,True,Leeds United,3
Maxim De Cuyper,115,76,0,1,0,1,0,0,0,1,0,0,0,17,19.6,22.1,2.0,4.4,1,0.00,0.14,0.14,2.40,4,False,23,Brighton,DEF,47,Leeds United,Brighton,1,1,True,Leeds United,3
Lewis Dunk,116,90,0,0,0,1,0,0,0,0,0,0,1,20,30.8,1.9,4.0,3.7,1,0.00,0.01,0.01,2.49,5,False,23,Brighton,DEF,45,Leeds United,Brighton,1,1,True,Leeds United,3
Diego Coppola,117,0,0,0,0,0,0,0,0,0,0,0,0,0,0.0,0.0,0.0,0.0,0,0.00,0.00,0.00,0.00,0,False,23,Brighton,DEF,45,Leeds United,Brighton,1,1,True,Leeds United,3
Igor Julio dos Santos de Paulo,118,0,0,0,0,0,0,0,0,0,0,0,0,0,0.0,0.0,0.0,0.0,0,0.00,0.00,0.00,0.00,0,False,23,Brighton,DEF,45,Leeds United,Brighton,1,1,True,Leeds United,3
João Pedro Loureiro da Costa,119,12,0,0,0,0,0,0,0,0,0,0,0,7,5.8,14.5,0.0,2.0,0,0.00,0.16,0.16,0.10,1,False,23,Brighton,DEF,45,Leeds United,Brighton,1,1,True,Leeds United,3
Michael Svoboda,120,0,0,0,0,0,0,0,0,0,0,0,0,0,0.0,0.0,0.0,0.0,0,0.00,0.00,0.00,0.00,0,False,23,Brighton,DEF,50,Leeds United,Brighton,1,1,True,Leeds United,3
Mitoma Kaoru,121,0,0,0,0,0,0,0,0,0,0,0,0,0,0.0,0.0,0.0,0.0,0,0.00,0.00,0.00,0.00,0,False,23,Brighton,MID,60,Leeds United,Brighton,1,1,True,Leeds United,3
Yankuba Minteh,122,0,0,0,0,0,0,0,0,0,0,0,0,0,0.0,0.0,0.0,0.0,0,0.00,0.00,0.00,0.00,0,False,23,Brighton,MID,59,Leeds United,Brighton,1,1,True,Leeds United,3
Jack Hinshelwood,123,0,0,0,0,0,0,0,0,0,0,0,0,0,0.0,0.0,0.0,0.0,0,0.00,0.00,0.00,0.00,0,False,23,Brighton,MID,60,Leeds United,Brighton,1,1,True,Leeds United,3
Pascal Groß,124,90,0,0,0,1,0,0,0,1,0,0,0,-1,0.0,16.5,19.0,3.2,1,0.79,0.04,0.83,2.49,1,False,23,Brighton,MID,55,Leeds United,Brighton,1,1,True,Leeds United,3
Georginio Rutter,125,0,0,0,0,0,0,0,0,0,0,0,0,0,0.0,0.0,0.0,0.0,0,0.00,0.00,0.00,0.00,0,False,23,Brighton,FWD,55,Leeds United,Brighton,1,1,True,Leeds United,3
Matt O'Riley,126,0,0,0,0,0,0,0,0,0,0,0,0,0,0.0,0.0,0.0,0.0,0,0.00,0.00,0.00,0.00,0,False,23,Brighton,MID,55,Leeds United,Brighton,1,1,True,Leeds United,3
Diego Gómez Amarilla,127,90,0,0,0,1,0,0,0,0,0,0,0,13,15.2,26.4,30.0,7.2,1,0.09,0.05,0.14,2.49,2,False,23,Brighton,MID,50,Leeds United,Brighton,1,1,True,Leeds United,3
Facundo Buonanotte,128,0,0,0,0,0,0,0,0,0,0,0,0,0,0.0,0.0,0.0,0.0,0,0.00,0.00,0.00,0.00,0,False,23,Brighton,MID,50,Leeds United,Brighton,1,1,True,Leeds United,3
Yasin Ayari,129,90,0,0,0,1,0,0,0,0,0,0,0,18,11.4,14.8,18.0,4.4,1,0.17,0.04,0.21,2.49,2,False,23,Brighton,MID,54,Leeds United,Brighton,1,1,True,Leeds United,3
Mats Wieffer,130,0,0,0,0,0,0,0,0,0,0,0,0,0,0.0,0.0,0.0,0.0,0,0.00,0.00,0.00,0.00,0,False,23,Brighton,DEF,50,Leeds United,Brighton,1,1,True,Leeds United,3
Carlos Baleba,131,0,0,0,0,0,0,0,0,0,0,0,0,0,0.0,0.0,0.0,0.0,0,0.00,0.00,0.00,0.00,0,False,30,Manchester United,MID,50,Manchester United,Everton,2,2,False,Everton,3
Harry Howell,132,0,0,0,0,0,0,0,0,0,0,0,0,0,0.0,0.0,0.0,0.0,0,0.00,0.00,0.00,0.00,0,False,23,Brighton,MID,45,Leeds United,Brighton,1,1,True,Leeds United,3
Tom Watson,133,0,0,0,0,0,0,0,0,0,0,0,0,0,0.0,0.0,0.0,0.0,0,0.00,0.00,0.00,0.00,0,False,23,Brighton,MID,50,Leeds United,Brighton,1,1,True,Leeds United,3
Nehemiah Oriola,134,0,0,0,0,0,0,0,0,0,0,0,0,0,0.0,0.0,0.0,0.0,0,0.00,0.00,0.00,0.00,0,False,23,Brighton,MID,45,Leeds United,Brighton,1,1,True,Leeds United,3
Zadok Yohanna,135,0,0,0,0,0,0,0,0,0,0,0,0,0,0.0,0.0,0.0,0.0,0,0.00,0.00,0.00,0.00,0,False,23,Brighton,MID,50,Leeds United,Brighton,1,1,True,Leeds United,3
Danny Welbeck,136,3,0,0,0,0,0,0,0,0,0,0,0,3,0.0,0.3,2.0,0.2,0,0.00,0.00,0.00,0.00,1,False,29,Chelsea,FWD,59,Chelsea,Arsenal,1,2,False,Arsenal,3
Stefanos Tzimas,137,0,0,0,0,0,0,0,0,0,0,0,0,0,0.0,0.0,0.0,0.0,0,0.00,0.00,0.00,0.00,0,False,23,Brighton,FWD,55,Leeds United,Brighton,1,1,True,Leeds United,3
Charalampos Kostoulas,138,90,0,0,0,1,0,0,0,0,0,0,0,9,9.6,5.3,24.0,3.9,1,0.43,0.02,0.45,2.49,2,False,23,Brighton,FWD,55,Leeds United,Brighton,1,1,True,Leeds United,3
Evan Ferguson,139,0,0,0,0,0,0,0,0,0,0,0,0,0,0.0,0.0,0.0,0.0,0,0.00,0.00,0.00,0.00,0,False,23,Brighton,FWD,50,Leeds United,Brighton,1,1,True,Leeds United,3
Robert Lynch Sánchez,140,0,0,0,0,0,0,0,0,0,0,0,0,0,0.0,0.0,0.0,0.0,0,0.00,0.00,0.00,0.00,0,False,29,Chelsea,GK,49,Chelsea,Arsenal,1,2,False,Arsenal,3
Filip Jörgensen,141,0,0,0,0,0,0,0,0,0,0,0,0,0,0.0,0.0,0.0,0.0,0,0.00,0.00,0.00,0.00,0,False,29,Chelsea,GK,50,Chelsea,Arsenal,1,2,False,Arsenal,3
Reece James,142,90,0,0,0,2,0,0,0,0,0,0,0,9,12.6,15.0,13.0,4.1,1,0.07,0.05,0.12,2.05,1,False,29,Chelsea,DEF,55,Chelsea,Arsenal,1,2,False,Arsenal,3
Trevoh Chalobah,143,0,0,0,0,0,0,0,0,0,0,0,0,0,0.0,0.0,0.0,0.0,0,0.00,0.00,0.00,0.00,0,False,29,Chelsea,DEF,55,Chelsea,Arsenal,1,2,False,Arsenal,3
Malo Gusto,144,30,0,0,0,0,0,0,0,0,0,0,0,4,3.0,3.4,1.0,0.7,0,0.04,0.01,0.05,0.14,1,False,29,Chelsea,DEF,50,Chelsea,Arsenal,1,2,False,Arsenal,3
Wesley Fofana,145,90,0,0,0,2,0,0,0,0,0,0,0,16,39.8,22.8,0.0,6.3,1,0.00,0.04,0.04,2.05,3,False,29,Chelsea,DEF,50,Chelsea,Arsenal,1,2,False,Arsenal,3
Benoît Badiashile Mukinayi,146,0,0,0,0,0,0,0,0,0,0,0,0,0,0.0,0.0,0.0,0.0,0,0.00,0.00,0.00,0.00,0,False,29,Chelsea,DEF,45,Chelsea,Arsenal,1,2,False,Arsenal,3
Tosin Adarabioyo,147,0,0,0,0,0,0,0,0,0,0,0,0,0,0.0,0.0,0.0,0.0,0,0.00,0.00,0.00,0.00,0,False,28,Sunderland,DEF,45,Sunderland,Nottingham,0,0,False,Nottingham,3
Jorrel Hato,148,59,0,1,0,2,0,0,0,0,0,0,0,5,34.8,11.2,2.0,4.8,1,0.00,0.02,0.02,1.91,3,False,29,Chelsea,DEF,45,Chelsea,Arsenal,1,2,False,Arsenal,3
Levi Samuels Colwill,149,0,0,0,0,0,0,0,0,0,0,0,0,0,0.0,0.0,0.0,0.0,0,0.00,0.00,0.00,0.00,0,False,29,Chelsea,DEF,50,Chelsea,Arsenal,1,2,False,Arsenal,3
Mamadou Sarr,150,0,0,0,0,0,0,0,0,0,0,0,0,0,0.0,0.0,0.0,0.0,0,0.00,0.00,0.00,0.00,0,False,29,Chelsea,DEF,45,Chelsea,Arsenal,1,2,False,Arsenal,3
Josh Acheampong,151,90,0,0,0,2,0,0,0,0,0,0,0,-3,2.2,1.8,4.0,0.8,1,0.00,0.01,0.01,2.05,1,False,29,Chelsea,DEF,45,Chelsea,Arsenal,1,2,False,Arsenal,3
Marco Palestra,152,0,0,0,0,0,0,0,0,0,0,0,0,0,0.0,0.0,0.0,0.0,0,0.00,0.00,0.00,0.00,0,False,29,Chelsea,DEF,54,Chelsea,Arsenal,1,2,False,Arsenal,3
Axel Disasi,153,90,0,0,0,2,0,0,0,0,0,0,0,14,31.4,13.3,2.0,4.7,1,0.00,0.04,0.04,3.14,3,False,24,Crystal Palace,DEF,45,Crystal Palace,Fulham,3,2,False,Fulham,3
Cole Palmer,154,90,0,0,0,2,0,0,0,1,0,0,0,11,7.0,15.8,32.0,5.5,1,0.11,0.04,0.15,2.05,1,False,29,Chelsea,MID,96,Chelsea,Arsenal,1,2,False,Arsenal,3
Enzo Fernández,155,75,0,0,1,0,0,0,0,0,0,0,0,17,10.2,18.9,18.0,4.7,1,0.13,0.12,0.25,1.00,3,False,26,Manchester City,MID,69,Coventry City,Manchester City,0,1,True,Coventry City,3
Pedro Lomba Neto,156,80,0,0,0,2,0,0,0,0,0,0,0,10,6.2,23.8,14.0,4.4,1,0.03,0.03,0.06,2.05,2,False,29,Chelsea,MID,65,Chelsea,Arsenal,1,2,False,Arsenal,3
Estêvão Almeida de Oliveira Gonçalves,157,9,0,0,0,0,0,0,0,0,0,0,0,5,3.2,0.4,17.0,2.1,0,0.04,0.00,0.04,0.00,1,False,29,Chelsea,MID,64,Chelsea,Arsenal,1,2,False,Arsenal,3
Jamie Bynoe-Gittens,158,0,0,0,0,0,0,0,0,0,0,0,0,0,0.0,0.0,0.0,0.0,0,0.00,0.00,0.00,0.00,0,False,29,Chelsea,MID,59,Chelsea,Arsenal,1,2,False,Arsenal,3
Moisés Caicedo Corozo,159,0,0,0,0,0,0,0,0,0,0,0,0,0,0.0,0.0,0.0,0.0,0,0.00,0.00,0.00,0.00,0,False,29,Chelsea,MID,54,Chelsea,Arsenal,1,2,False,Arsenal,3
Alejandro Garnacho Ferreyra,160,15,0,0,0,0,0,0,0,0,0,0,0,4,1.0,1.6,0.0,0.3,0,0.00,0.00,0.00,0.35,1,False,25,Aston Villa,MID,59,Aston Villa,Hull City,0,0,False,Hull City,3
Roméo Lavia,161,59,0,0,0,2,0,0,0,0,0,0,0,7,5.8,1.5,0.0,0.7,1,0.00,0.01,0.01,1.91,1,False,29,Chelsea,MID,50,Chelsea,Arsenal,1,2,False,Arsenal,3
Andrey Nascimento dos Santos,162,6,0,0,0,1,0,0,0,0,0,0,0,4,7.2,0.6,6.0,1.4,0,0.00,0.01,0.01,0.09,1,False,30,Manchester United,MID,49,Manchester United,Everton,2,2,False,Everton,3
Dário Luís Essugo,163,0,0,0,0,0,0,0,0,0,0,0,0,0,0.0,0.0,0.0,0.0,0,0.00,0.00,0.00,0.00,0,False,29,Chelsea,MID,45,Chelsea,Arsenal,1,2,False,Arsenal,3
Geovany Quenda,164,0,0,0,0,0,0,0,0,0,0,0,0,0,0.0,0.0,0.0,0.0,0,0.00,0.00,0.00,0.00,0,False,29,Chelsea,MID,54,Chelsea,Arsenal,1,2,False,Arsenal,3
João Pedro Junqueira de Jesus,165,90,0,0,0,2,0,0,0,1,0,0,0,8,0.0,28.8,9.0,3.7,1,0.02,0.05,0.07,2.05,1,False,29,Chelsea,FWD,77,Chelsea,Arsenal,1,2,False,Arsenal,3
Nicolas Jackson,166,84,0,0,1,0,0,0,0,0,0,0,0,10,1.2,17.5,20.0,3.9,1,0.24,0.44,0.68,0.22,2,False,25,Aston Villa,FWD,65,Aston Villa,Hull City,0,0,False,Hull City,3
Liam Delap,167,73,0,0,1,0,0,0,0,0,0,0,0,6,2.4,20.8,5.0,2.8,1,0.06,0.06,0.12,0.89,2,False,28,Nottingham,FWD,55,Sunderland,Nottingham,0,0,True,Sunderland,3
Marc Guiu Paz,168,0,0,0,0,0,0,0,0,0,0,0,0,0,0.0,0.0,0.0,0.0,0,0.00,0.00,0.00,0.00,0,False,29,Chelsea,FWD,50,Chelsea,Arsenal,1,2,False,Arsenal,3
Shumaira Mheuka,169,0,0,0,0,0,0,0,0,0,0,0,0,0,0.0,0.0,0.0,0.0,0,0.00,0.00,0.00,0.00,0,False,29,Chelsea,FWD,45,Chelsea,Arsenal,1,2,False,Arsenal,3
Emmanuel Emegha,170,0,0,0,0,0,0,0,0,0,0,0,0,0,0.0,0.0,0.0,0.0,0,0.00,0.00,0.00,0.00,0,False,29,Chelsea,FWD,50,Chelsea,Arsenal,1,2,False,Arsenal,3
Oliver Dovin,171,0,0,0,0,0,0,0,0,0,0,0,0,0,0.0,0.0,0.0,0.0,0,0.00,0.00,0.00,0.00,0,False,26,Coventry City,GK,40,Coventry City,Manchester City,0,1,False,Manchester City,3
Ben Wilson,172,0,0,0,0,0,0,0,0,0,0,0,0,0,0.0,0.0,0.0,0.0,0,0.00,0.00,0.00,0.00,0,False,26,Coventry City,GK,45,Coventry City,Manchester City,0,1,False,Manchester City,3
Bobby Thomas,173,90,0,0,0,1,0,0,0,0,0,0,0,19,20.6,20.8,24.0,6.5,1,0.22,0.17,0.39,2.12,4,False,26,Coventry City,DEF,40,Coventry City,Manchester City,0,1,False,Manchester City,3
Liam Kitching,174,0,0,0,0,0,0,0,0,0,0,0,0,0,0.0,0.0,0.0,0.0,0,0.00,0.00,0.00,0.00,0,False,26,Coventry City,DEF,40,Coventry City,Manchester City,0,1,False,Manchester City,3
Milan van Ewijk,175,90,0,0,0,1,0,0,0,1,0,0,0,5,16.8,5.2,2.0,2.4,1,0.00,0.06,0.06,2.12,3,False,26,Coventry City,DEF,40,Coventry City,Manchester City,0,1,False,Manchester City,3
Jay Dasilva,176,84,0,0,0,1,0,0,0,0,0,0,0,10,21.8,14.9,0.0,3.7,1,0.00,0.08,0.08,2.12,2,False,26,Coventry City,DEF,40,Coventry City,Manchester City,0,1,False,Manchester City,3
Kaine Kesler-Hayden,177,0,0,0,0,0,0,0,0,0,0,0,0,0,0.0,0.0,0.0,0.0,0,0.00,0.00,0.00,0.00,0,False,26,Coventry City,DEF,40,Coventry City,Manchester City,0,1,False,Manchester City,3
Jake Bidwell,178,0,0,0,0,0,0,0,0,0,0,0,0,0,0.0,0.0,0.0,0.0,0,0.00,0.00,0.00,0.00,0,False,26,Coventry City,DEF,40,Coventry City,Manchester City,0,1,False,Manchester City,3
Joel Latibeaudiere,179,0,0,0,0,0,0,0,0,0,0,0,0,0,0.0,0.0,0.0,0.0,0,0.00,0.00,0.00,0.00,0,False,26,Coventry City,DEF,40,Coventry City,Manchester City,0,1,False,Manchester City,3
Luke Woolfenden,180,0,0,0,0,0,0,0,0,0,0,0,0,0,0.0,0.0,0.0,0.0,0,0.00,0.00,0.00,0.00,0,False,26,Coventry City,DEF,40,Coventry City,Manchester City,0,1,False,Manchester City,3
Miguel Brau,181,0,0,0,0,0,0,0,0,0,0,0,0,0,0.0,0.0,0.0,0.0,0,0.00,0.00,0.00,0.00,0,False,26,Coventry City,DEF,40,Coventry City,Manchester City,0,1,False,Manchester City,3
Aurèle Amenda,182,90,0,0,0,1,0,0,0,0,0,0,0,4,4.4,1.3,6.0,1.2,1,0.00,0.34,0.34,2.12,2,False,26,Coventry City,DEF,40,Coventry City,Manchester City,0,1,False,Manchester City,3
Jack Rudoni,183,62,0,0,0,1,0,0,0,0,0,0,0,9,14.4,28.5,33.0,7.6,1,0.29,0.09,0.38,1.17,2,False,26,Coventry City,MID,50,Coventry City,Manchester City,0,1,False,Manchester City,3
Matt Grimes,184,90,0,0,0,1,0,0,0,0,0,0,0,8,18.6,2.3,1.0,2.2,1,0.04,0.00,0.04,2.12,2,False,26,Coventry City,MID,50,Coventry City,Manchester City,0,1,False,Manchester City,3
Tatsuhiro Sakamoto,185,0,0,0,0,0,0,0,0,0,0,0,0,0,0.0,0.0,0.0,0.0,0,0.00,0.00,0.00,0.00,0,False,26,Coventry City,MID,49,Coventry City,Manchester City,0,1,False,Manchester City,3
Ephron Mason-Clark,186,70,0,0,0,1,0,0,0,0,0,0,0,4,0.0,0.8,2.0,0.1,1,0.00,0.00,0.00,1.17,2,False,26,Coventry City,MID,54,Coventry City,Manchester City,0,1,False,Manchester City,3
Josh Eccles,187,0,0,0,0,0,0,0,0,0,0,0,0,0,0.0,0.0,0.0,0.0,0,0.00,0.00,0.00,0.00,0,False,26,Coventry City,MID,49,Coventry City,Manchester City,0,1,False,Manchester City,3
Victor Torp,188,0,0,0,0,0,0,0,0,0,0,0,0,0,0.0,0.0,0.0,0.0,0,0.00,0.00,0.00,0.00,0,False,26,Coventry City,MID,54,Coventry City,Manchester City,0,1,False,Manchester City,3
George Shepherd,189,0,0,0,0,0,0,0,0,0,0,0,0,0,0.0,0.0,0.0,0.0,0,0.00,0.00,0.00,0.00,0,False,26,Coventry City,MID,45,Coventry City,Manchester City,0,1,False,Manchester City,3
Loum Tchaouna,190,27,0,0,0,0,0,0,0,0,0,0,0,9,8.2,24.8,21.0,5.4,0,0.10,0.03,0.13,0.95,1,False,26,Coventry City,MID,55,Coventry City,Manchester City,0,1,False,Manchester City,3
Raphael Borges Rodrigues,191,0,0,0,0,0,0,0,0,0,0,0,0,0,0.0,0.0,0.0,0.0,0,0.00,0.00,0.00,0.00,0,False,26,Coventry City,MID,45,Coventry City,Manchester City,0,1,False,Manchester City,3
Kai Andrews,192,0,0,0,0,0,0,0,0,0,0,0,0,0,0.0,0.0,0.0,0.0,0,0.00,0.00,0.00,0.00,0,False,26,Coventry City,MID,45,Coventry City,Manchester City,0,1,False,Manchester City,3
Haji Wright,193,0,0,0,0,0,0,0,0,0,0,0,0,0,0.0,0.0,0.0,0.0,0,0.00,0.00,0.00,0.00,0,False,26,Coventry City,FWD,54,Coventry City,Manchester City,0,1,False,Manchester City,3
Brandon Thomas-Asante,194,19,0,0,0,0,0,0,0,0,0,0,0,6,2.2,0.3,2.0,0.5,0,0.00,0.00,0.00,0.95,1,False,26,Coventry City,FWD,50,Coventry City,Manchester City,0,1,False,Manchester City,3
Ellis Simms,195,19,0,0,0,0,0,0,0,0,0,0,0,3,5.0,10.0,35.0,5.0,0,0.30,0.00,0.30,0.95,1,False,26,Coventry City,FWD,50,Coventry City,Manchester City,0,1,False,Manchester City,3
Jahnoah Markelo,196,0,0,0,0,0,0,0,0,0,0,0,0,0,0.0,0.0,0.0,0.0,0,0.00,0.00,0.00,0.00,0,False,26,Coventry City,FWD,50,Coventry City,Manchester City,0,1,False,Manchester City,3
Norman Bassette,197,0,0,0,0,0,0,0,0,0,0,0,0,0,0.0,0.0,0.0,0.0,0,0.00,0.00,0.00,0.00,0,False,26,Coventry City,FWD,45,Coventry City,Manchester City,0,1,False,Manchester City,3
Dean Henderson,198,90,0,0,0,2,0,0,0,0,0,5,0,19,38.4,0.0,0.0,3.8,1,0.00,0.00,0.00,3.14,2,False,24,Crystal Palace,GK,50,Crystal Palace,Fulham,3,2,False,Fulham,3
Walter Benítez,199,0,0,0,0,0,0,0,0,0,0,0,0,0,0.0,0.0,0.0,0.0,0,0.00,0.00,0.00,0.00,0,False,24,Crystal Palace,GK,45,Crystal Palace,Fulham,3,2,False,Fulham,3
Maxence Lacroix,200,90,0,0,0,2,0,0,0,1,0,0,0,3,26.0,1.3,2.0,2.9,1,0.00,0.01,0.01,2.05,2,False,29,Chelsea,DEF,60,Chelsea,Arsenal,1,2,False,Arsenal,3
Daniel Muñoz Mejía,201,31,0,0,0,0,0,0,0,0,0,0,0,5,2.4,0.8,4.0,0.7,0,0.03,0.00,0.03,0.26,1,False,28,Nottingham,DEF,54,Sunderland,Nottingham,0,0,True,Sunderland,3
Chris Richards,202,90,0,0,0,2,0,0,0,0,0,0,0,8,28.8,0.5,7.0,3.6,1,0.04,0.00,0.04,3.14,1,False,24,Crystal Palace,DEF,50,Crystal Palace,Fulham,3,2,False,Fulham,3
Jaydee Canvot,203,90,0,0,0,2,0,0,0,0,0,0,0,4,13.0,1.9,0.0,1.5,1,0.00,0.00,0.00,3.14,1,False,24,Crystal Palace,DEF,49,Crystal Palace,Fulham,3,2,False,Fulham,3
Tyrick Mitchell,204,73,2,0,0,2,0,0,0,0,0,0,2,31,78.0,10.7,47.0,13.6,1,0.66,0.01,0.67,2.57,15,True,24,Crystal Palace,DEF,45,Crystal Palace,Fulham,3,2,False,Fulham,3
Borna Sosa,205,0,0,0,0,0,0,0,0,0,0,0,0,0,0.0,0.0,0.0,0.0,0,0.00,0.00,0.00,0.00,0,False,24,Crystal Palace,DEF,45,Crystal Palace,Fulham,3,2,False,Fulham,3
Chadi Riad Dnanou,206,0,0,0,0,0,0,0,0,0,0,0,0,0,0.0,0.0,0.0,0.0,0,0.00,0.00,0.00,0.00,0,False,24,Crystal Palace,DEF,44,Crystal Palace,Fulham,3,2,False,Fulham,3
Oscar Mingueza,207,1,0,0,0,0,0,0,0,0,0,0,0,4,1.0,0.3,0.0,0.1,0,0.00,0.00,0.00,0.13,1,False,24,Crystal Palace,DEF,44,Crystal Palace,Fulham,3,2,False,Fulham,3
Ismaïla Sarr,208,0,0,0,0,0,0,0,0,0,0,0,0,0,0.0,0.0,0.0,0.0,0,0.00,0.00,0.00,0.00,0,False,24,Crystal Palace,MID,63,Crystal Palace,Fulham,3,2,False,Fulham,3
Brennan Johnson,209,65,0,0,0,1,0,0,0,1,0,0,0,3,6.6,22.9,9.0,3.9,1,0.05,0.04,0.09,0.37,1,False,30,Everton,MID,59,Manchester United,Everton,2,2,True,Manchester United,3
Adam Wharton,210,90,0,0,0,2,0,0,0,0,0,0,0,10,14.8,2.8,2.0,2.0,1,0.00,0.01,0.01,3.14,2,False,24,Crystal Palace,MID,55,Crystal Palace,Fulham,3,2,False,Fulham,3
Yéremy Pino Santos,211,88,0,1,0,2,0,0,0,0,0,0,0,25,8.0,42.6,6.0,5.7,1,0.25,0.30,0.55,3.01,5,False,24,Crystal Palace,MID,55,Crystal Palace,Fulham,3,2,False,Fulham,3
Will Hughes,212,16,0,0,0,0,0,0,0,0,0,0,0,3,2.4,0.3,0.0,0.3,0,0.00,0.00,0.00,0.57,1,False,24,Crystal Palace,MID,45,Crystal Palace,Fulham,3,2,False,Fulham,3
Jefferson Lerma Solís,213,0,0,0,0,0,0,0,0,0,0,0,0,0,0.0,0.0,0.0,0.0,0,0.00,0.00,0.00,0.00,0,False,24,Crystal Palace,MID,49,Crystal Palace,Fulham,3,2,False,Fulham,3
Daichi Kamada,214,88,0,1,0,2,0,0,0,0,0,0,0,21,19.6,23.2,6.0,4.9,1,0.00,0.01,0.01,3.01,5,False,24,Crystal Palace,MID,50,Crystal Palace,Fulham,3,2,False,Fulham,3
Justin Devenny,215,0,0,0,0,0,0,0,0,0,0,0,0,0,0.0,0.0,0.0,0.0,0,0.00,0.00,0.00,0.00,0,False,24,Crystal Palace,MID,50,Crystal Palace,Fulham,3,2,False,Fulham,3
Romain Esse,216,0,0,0,0,0,0,0,0,0,0,0,0,0,0.0,0.0,0.0,0.0,0,0.00,0.00,0.00,0.00,0,False,24,Crystal Palace,MID,50,Crystal Palace,Fulham,3,2,False,Fulham,3
Matheus França de Oliveira,217,0,0,0,0,0,0,0,0,0,0,0,0,0,0.0,0.0,0.0,0.0,0,0.00,0.00,0.00,0.00,0,False,24,Crystal Palace,MID,49,Crystal Palace,Fulham,3,2,False,Fulham,3
Cheick Doucouré,218,0,0,0,0,0,0,0,0,0,0,0,0,0,0.0,0.0,0.0,0.0,0,0.00,0.00,0.00,0.00,0,False,24,Crystal Palace,MID,49,Crystal Palace,Fulham,3,2,False,Fulham,3
Jesurun Rak-Sakyi,219,0,0,0,0,0,0,0,0,0,0,0,0,0,0.0,0.0,0.0,0.0,0,0.00,0.00,0.00,0.00,0,False,24,Crystal Palace,MID,50,Crystal Palace,Fulham,3,2,False,Fulham,3
Rio Cardines,220,0,0,0,0,0,0,0,0,0,0,0,0,0,0.0,0.0,0.0,0.0,0,0.00,0.00,0.00,0.00,0,False,24,Crystal Palace,DEF,45,Crystal Palace,Fulham,3,2,False,Fulham,3
Joél Drakes-Thomas,221,0,0,0,0,0,0,0,0,0,0,0,0,0,0.0,0.0,0.0,0.0,0,0.00,0.00,0.00,0.00,0,False,24,Crystal Palace,MID,45,Crystal Palace,Fulham,3,2,False,Fulham,3
Jørgen Strand Larsen,222,45,0,0,0,0,0,0,0,0,0,0,0,4,2.4,0.8,0.0,0.3,0,0.00,0.00,0.00,1.54,1,False,24,Crystal Palace,FWD,60,Crystal Palace,Fulham,3,2,False,Fulham,3
Jean-Philippe Mateta,223,0,0,0,0,0,0,0,0,0,0,0,0,0,0.0,0.0,0.0,0.0,0,0.00,0.00,0.00,0.00,0,False,24,Crystal Palace,FWD,64,Crystal Palace,Fulham,3,2,False,Fulham,3
Eddie Nketiah,224,45,0,1,0,2,0,0,0,0,0,0,0,16,21.2,10.7,19.0,5.1,1,0.14,0.00,0.14,1.60,4,False,24,Crystal Palace,FWD,55,Crystal Palace,Fulham,3,2,False,Fulham,3
Christantus Uche,225,0,0,0,0,0,0,0,0,0,0,0,0,0,0.0,0.0,0.0,0.0,0,0.00,0.00,0.00,0.00,0,False,24,Crystal Palace,FWD,50,Crystal Palace,Fulham,3,2,False,Fulham,3
Jordan Pickford,226,90,0,0,0,2,0,0,0,0,0,1,0,6,9.2,0.0,0.0,0.9,1,0.00,0.00,0.00,0.69,1,False,30,Everton,GK,55,Manchester United,Everton,2,2,True,Manchester United,3
Mark Travers,227,0,0,0,0,0,0,0,0,0,0,0,0,0,0.0,0.0,0.0,0.0,0,0.00,0.00,0.00,0.00,0,False,30,Everton,GK,50,Manchester United,Everton,2,2,True,Manchester United,3
Tom King,228,0,0,0,0,0,0,0,0,0,0,0,0,0,0.0,0.0,0.0,0.0,0,0.00,0.00,0.00,0.00,0,False,30,Everton,GK,45,Manchester United,Everton,2,2,True,Manchester United,3
James Tarkowski,229,90,0,0,0,2,0,0,0,0,0,0,0,11,24.4,1.0,6.0,3.1,1,0.02,0.01,0.03,0.69,3,False,30,Everton,DEF,60,Manchester United,Everton,2,2,True,Manchester United,3
Jarrad Branthwaite,230,90,0,0,0,2,0,0,0,0,0,0,0,10,41.6,0.6,34.0,7.6,1,0.08,0.00,0.08,0.69,3,False,30,Everton,DEF,55,Manchester United,Everton,2,2,True,Manchester United,3
Michael Keane,231,0,0,0,0,0,0,0,0,0,0,0,0,0,0.0,0.0,0.0,0.0,0,0.00,0.00,0.00,0.00,0,False,30,Everton,DEF,49,Manchester United,Everton,2,2,True,Manchester United,3
Jake O'Brien,232,0,0,0,0,0,0,0,0,0,0,0,0,0,0.0,0.0,0.0,0.0,0,0.00,0.00,0.00,0.00,0,False,30,Everton,DEF,49,Manchester United,Everton,2,2,True,Manchester United,3
Vitalii Mykolenko,233,90,0,0,0,2,0,0,0,0,0,0,0,8,12.8,2.5,0.0,1.5,1,0.00,0.01,0.01,0.69,1,False,30,Everton,DEF,45,Manchester United,Everton,2,2,True,Manchester United,3
Nathan Patterson,234,0,0,0,0,0,0,0,0,0,0,0,0,0,0.0,0.0,0.0,0.0,0,0.00,0.00,0.00,0.00,0,False,30,Everton,DEF,45,Manchester United,Everton,2,2,True,Manchester United,3
Adam Aznou,235,0,0,0,0,0,0,0,0,0,0,0,0,0,0.0,0.0,0.0,0.0,0,0.00,0.00,0.00,0.00,0,False,30,Everton,DEF,40,Manchester United,Everton,2,2,True,Manchester United,3
Kiernan Dewsbury-Hall,236,90,0,0,0,2,0,0,0,0,0,0,0,20,24.0,30.0,33.0,8.7,1,0.27,0.07,0.34,0.69,2,False,30,Everton,MID,65,Manchester United,Everton,2,2,True,Manchester United,3
Iliman Ndiaye,237,86,0,0,1,0,0,0,0,0,0,0,0,12,7.0,17.9,10.0,3.5,1,0.02,0.04,0.06,1.35,3,False,26,Manchester City,MID,60,Coventry City,Manchester City,0,1,True,Coventry City,3
Jack Grealish,238,24,0,0,0,1,0,0,0,0,0,0,0,8,6.0,12.3,10.0,2.8,0,0.02,0.13,0.15,0.31,1,False,30,Everton,MID,65,Manchester United,Everton,2,2,True,Manchester United,3
James Garner,239,76,0,0,0,1,0,0,0,0,0,0,0,19,9.6,31.1,0.0,4.1,1,0.00,0.08,0.08,0.40,2,False,30,Everton,MID,60,Manchester United,Everton,2,2,True,Manchester United,3
Tim Iroegbunam,240,0,0,0,0,0,0,0,0,0,0,0,0,0,0.0,0.0,0.0,0.0,0,0.00,0.00,0.00,0.00,0,False,25,Hull City,MID,50,Aston Villa,Hull City,0,0,True,Aston Villa,3
Dwight McNeil,241,0,0,0,0,0,0,0,0,0,0,0,0,0,0.0,0.0,0.0,0.0,0,0.00,0.00,0.00,0.00,0,False,24,Crystal Palace,MID,55,Crystal Palace,Fulham,3,2,False,Fulham,3
Tyrique George,242,90,1,0,0,2,0,0,0,0,0,0,3,35,44.2,34.4,25.0,10.4,1,0.04,0.07,0.11,0.69,10,False,30,Everton,MID,55,Manchester United,Everton,2,2,True,Manchester United,3
Carlos Alcaraz Durán,243,0,0,0,0,0,0,0,0,0,0,0,0,0,0.0,0.0,0.0,0.0,0,0.00,0.00,0.00,0.00,0,False,30,Everton,MID,50,Manchester United,Everton,2,2,True,Manchester United,3
Harrison Armstrong,244,90,0,0,0,2,0,0,0,1,0,0,0,5,5.2,6.7,9.0,2.1,1,0.09,0.03,0.12,0.69,1,False,30,Everton,MID,50,Manchester United,Everton,2,2,True,Manchester United,3
Tyler Dibling,245,0,0,0,0,0,0,0,0,0,0,0,0,0,0.0,0.0,0.0,0.0,0,0.00,0.00,0.00,0.00,0,False,30,Everton,MID,54,Manchester United,Everton,2,2,True,Manchester United,3
Merlin Röhl,246,74,0,0,0,1,0,0,0,1,0,0,0,10,4.4,16.8,0.0,2.1,1,0.00,0.13,0.13,0.40,1,False,30,Everton,MID,50,Manchester United,Everton,2,2,True,Manchester United,3
Hayden Hackney,247,15,0,1,0,1,0,0,0,0,0,0,0,14,20.6,25.5,10.0,5.6,0,0.04,0.09,0.13,0.29,4,False,30,Everton,MID,55,Manchester United,Everton,2,2,True,Manchester United,3
Norberto Bercique Gomes Betuncal,248,0,0,0,0,0,0,0,0,0,0,0,0,0,0.0,0.0,0.0,0.0,0,0.00,0.00,0.00,0.00,0,False,30,Everton,FWD,54,Manchester United,Everton,2,2,True,Manchester United,3
Thierno Barry,249,90,0,0,0,2,0,0,0,0,0,0,0,7,0.2,15.0,24.0,3.9,1,0.38,0.02,0.40,0.69,2,False,30,Everton,FWD,55,Manchester United,Everton,2,2,True,Manchester United,3
Bernd Leno,250,90,0,0,0,3,0,0,0,0,0,2,0,8,18.8,0.0,0.0,1.9,1,0.00,0.00,0.00,1.97,1,False,24,Fulham,GK,45,Crystal Palace,Fulham,3,2,True,Crystal Palace,3
Benjamin Lecomte,251,0,0,0,0,0,0,0,0,0,0,0,0,0,0.0,0.0,0.0,0.0,0,0.00,0.00,0.00,0.00,0,False,24,Fulham,GK,40,Crystal Palace,Fulham,3,2,True,Crystal Palace,3
Alfie McNally,252,0,0,0,0,0,0,0,0,0,0,0,0,0,0.0,0.0,0.0,0.0,0,0.00,0.00,0.00,0.00,0,False,24,Fulham,GK,40,Crystal Palace,Fulham,3,2,True,Crystal Palace,3
Joachim Andersen,253,90,0,0,0,3,0,0,0,0,0,0,0,8,24.4,22.9,6.0,5.3,1,0.00,0.06,0.06,1.97,1,False,24,Fulham,DEF,50,Crystal Palace,Fulham,3,2,True,Crystal Palace,3
Antonee Robinson,254,78,0,0,0,3,0,0,0,0,0,0,0,7,14.6,24.8,9.0,4.8,1,0.08,0.10,0.18,1.97,1,False,24,Fulham,DEF,45,Crystal Palace,Fulham,3,2,True,Crystal Palace,3
Jorge Cuenca Barreno,255,0,0,0,0,0,0,0,0,0,0,0,0,0,0.0,0.0,0.0,0.0,0,0.00,0.00,0.00,0.00,0,False,24,Fulham,DEF,45,Crystal Palace,Fulham,3,2,True,Crystal Palace,3
Kenny Tete,256,0,0,0,0,0,0,0,0,0,0,0,0,0,0.0,0.0,0.0,0.0,0,0.00,0.00,0.00,0.00,0,False,24,Fulham,DEF,45,Crystal Palace,Fulham,3,2,True,Crystal Palace,3
Calvin Bassey,257,90,0,0,0,3,0,0,0,0,0,0,0,2,13.8,6.4,0.0,2.0,1,0.00,0.04,0.04,1.97,1,False,24,Fulham,DEF,45,Crystal Palace,Fulham,3,2,True,Crystal Palace,3
Timothy Castagne,258,90,0,0,0,3,0,0,0,0,0,0,0,-1,20.6,24.1,30.0,7.5,1,0.58,0.19,0.77,1.97,1,False,24,Fulham,DEF,45,Crystal Palace,Fulham,3,2,True,Crystal Palace,3
Issa Diop,259,90,0,0,0,2,0,0,0,0,0,0,0,10,27.2,10.8,0.0,3.8,1,0.00,0.01,0.01,0.69,3,False,21,Ipswich Town,DEF,40,Liverpool,Ipswich Town,2,0,True,Liverpool,3
Harry Wilson,260,17,0,0,0,0,0,0,0,1,0,0,0,0,1.4,20.3,2.0,2.4,0,0.00,0.00,0.00,1.32,0,False,23,Leeds United,MID,64,Leeds United,Brighton,1,1,False,Brighton,3
Alex Iwobi,261,82,0,0,0,3,0,0,0,0,0,0,0,15,7.6,23.7,11.0,4.2,1,0.04,0.26,0.30,1.97,2,False,24,Fulham,MID,55,Crystal Palace,Fulham,3,2,True,Crystal Palace,3
Emile Smith Rowe,262,11,0,0,0,0,0,0,0,0,0,0,0,3,0.2,0.5,2.0,0.3,0,0.00,0.00,0.00,0.00,1,False,24,Fulham,MID,55,Crystal Palace,Fulham,3,2,True,Crystal Palace,3
Kevin Santos Lopes de Macedo,263,0,0,0,0,0,0,0,0,0,0,0,0,0,0.0,0.0,0.0,0.0,0,0.00,0.00,0.00,0.00,0,False,24,Fulham,MID,54,Crystal Palace,Fulham,3,2,True,Crystal Palace,3
Oscar Bobb,264,78,0,0,0,3,0,0,0,0,0,0,0,17,11.2,58.8,53.0,12.3,1,0.32,0.65,0.97,1.97,2,False,24,Fulham,MID,55,Crystal Palace,Fulham,3,2,True,Crystal Palace,3
Sander Berge,265,29,0,0,0,1,0,0,0,0,0,0,0,9,3.2,2.9,0.0,0.6,0,0.00,0.10,0.10,0.84,1,False,24,Fulham,MID,50,Crystal Palace,Fulham,3,2,True,Crystal Palace,3
Tom Cairney,266,0,0,0,0,0,0,0,0,0,0,0,0,0,0.0,0.0,0.0,0.0,0,0.00,0.00,0.00,0.00,0,False,24,Fulham,MID,50,Crystal Palace,Fulham,3,2,True,Crystal Palace,3
Saša Lukić,267,90,0,0,0,2,0,0,0,0,0,0,0,13,10.4,14.2,0.0,2.5,1,0.00,0.02,0.02,0.69,2,False,21,Ipswich Town,MID,50,Liverpool,Ipswich Town,2,0,True,Liverpool,3
Josh King,268,90,1,0,0,3,0,0,0,0,0,0,3,38,44.6,26.0,34.0,10.5,1,0.31,0.27,0.58,1.97,10,False,24,Fulham,MID,55,Crystal Palace,Fulham,3,2,True,Crystal Palace,3
Ryan Sessegnon,269,11,0,0,0,0,0,0,0,0,0,0,0,3,2.0,14.8,4.0,2.1,0,0.08,0.32,0.40,0.00,1,False,24,Fulham,DEF,45,Crystal Palace,Fulham,3,2,True,Crystal Palace,3
Harrison Reed,270,0,0,0,0,0,0,0,0,0,0,0,0,0,0.0,0.0,0.0,0.0,0,0.00,0.00,0.00,0.00,0,False,24,Fulham,MID,45,Crystal Palace,Fulham,3,2,True,Crystal Palace,3
Rodrigo Muniz Carvalho,271,7,0,0,0,0,0,0,0,0,0,0,0,5,3.2,10.1,27.0,4.0,0,0.38,0.00,0.38,0.00,1,False,24,Fulham,FWD,55,Crystal Palace,Fulham,3,2,True,Crystal Palace,3
Jonah Kusi-Asare,272,0,0,0,0,0,0,0,0,0,0,0,0,0,0.0,0.0,0.0,0.0,0,0.00,0.00,0.00,0.00,0,False,24,Fulham,FWD,45,Crystal Palace,Fulham,3,2,True,Crystal Palace,3
Dillon Phillips,273,0,0,0,0,0,0,0,0,0,0,0,0,0,0.0,0.0,0.0,0.0,0,0.00,0.00,0.00,0.00,0,False,25,Hull City,GK,40,Aston Villa,Hull City,0,0,True,Aston Villa,3
Jack Butland,274,0,0,0,0,0,0,0,0,0,0,0,0,0,0.0,0.0,0.0,0.0,0,0.00,0.00,0.00,0.00,0,False,25,Hull City,GK,45,Aston Villa,Hull City,0,0,True,Aston Villa,3
Harvey Cartwright,275,0,0,0,0,0,0,0,0,0,0,0,0,0,0.0,0.0,0.0,0.0,0,0.00,0.00,0.00,0.00,0,False,25,Hull City,GK,40,Aston Villa,Hull City,0,0,True,Aston Villa,3
Thimothée Lo-Tutala,276,0,0,0,0,0,0,0,0,0,0,0,0,0,0.0,0.0,0.0,0.0,0,0.00,0.00,0.00,0.00,0,False,25,Hull City,GK,40,Aston Villa,Hull City,0,0,True,Aston Villa,3
John Egan,277,90,0,0,1,0,0,0,0,0,0,0,0,18,15.4,0.1,0.0,1.6,1,0.00,0.00,0.00,1.93,6,False,25,Hull City,DEF,40,Aston Villa,Hull City,0,0,True,Aston Villa,3
Charlie Hughes,278,0,0,0,0,0,0,0,0,0,0,0,0,0,0.0,0.0,0.0,0.0,0,0.00,0.00,0.00,0.00,0,False,25,Hull City,DEF,40,Aston Villa,Hull City,0,0,True,Aston Villa,3
Semi Ajayi,279,90,0,0,1,0,0,0,0,1,0,0,0,17,11.0,0.7,0.0,1.2,1,0.00,0.00,0.00,1.93,5,False,25,Hull City,DEF,41,Aston Villa,Hull City,0,0,True,Aston Villa,3
Lewie Coyle,280,63,0,0,1,0,0,0,0,0,0,0,0,19,1.4,4.6,0.0,0.6,1,0.00,0.01,0.01,1.81,6,False,25,Hull City,DEF,40,Aston Villa,Hull City,0,0,True,Aston Villa,3
Cody Drameh,281,0,0,0,0,0,0,0,0,0,0,0,0,0,0.0,0.0,0.0,0.0,0,0.00,0.00,0.00,0.00,0,False,25,Hull City,DEF,40,Aston Villa,Hull City,0,0,True,Aston Villa,3
Ryan Giles,282,90,0,0,1,0,0,0,0,0,0,0,2,30,14.8,26.4,0.0,4.1,1,0.00,0.04,0.04,1.93,8,False,25,Hull City,DEF,40,Aston Villa,Hull City,0,0,True,Aston Villa,3
Matty Jacob,283,0,0,0,0,0,0,0,0,0,0,0,0,0,0.0,0.0,0.0,0.0,0,0.00,0.00,0.00,0.00,0,False,25,Hull City,DEF,40,Aston Villa,Hull City,0,0,True,Aston Villa,3
Cathal McCarthy,284,0,0,0,0,0,0,0,0,0,0,0,0,0,0.0,0.0,0.0,0.0,0,0.00,0.00,0.00,0.00,0,False,25,Hull City,DEF,40,Aston Villa,Hull City,0,0,True,Aston Villa,3
Paddy McNair,285,0,0,0,0,0,0,0,0,0,0,0,0,0,0.0,0.0,0.0,0.0,0,0.00,0.00,0.00,0.00,0,False,25,Hull City,DEF,40,Aston Villa,Hull City,0,0,True,Aston Villa,3
Mohamed Belloumi,286,81,0,0,1,0,0,0,0,0,0,0,0,15,22.8,12.4,10.0,4.5,1,0.03,0.01,0.04,1.93,5,False,25,Hull City,MID,50,Aston Villa,Hull City,0,0,True,Aston Villa,3
Liam Millar,287,0,0,0,0,0,0,0,0,0,0,0,0,0,0.0,0.0,0.0,0.0,0,0.00,0.00,0.00,0.00,0,False,25,Hull City,MID,50,Aston Villa,Hull City,0,0,True,Aston Villa,3
Kieran Dowell,288,0,0,0,0,0,0,0,0,0,0,0,0,0,0.0,0.0,0.0,0.0,0,0.00,0.00,0.00,0.00,0,False,25,Hull City,MID,45,Aston Villa,Hull City,0,0,True,Aston Villa,3
Matt Crooks,289,0,0,0,0,0,0,0,0,0,0,0,0,0,0.0,0.0,0.0,0.0,0,0.00,0.00,0.00,0.00,0,False,25,Hull City,MID,45,Aston Villa,Hull City,0,0,True,Aston Villa,3
Regan Slater,290,90,0,0,1,0,0,0,0,0,0,0,0,10,10.6,12.3,8.0,3.1,1,0.04,0.01,0.05,1.93,3,False,25,Hull City,MID,45,Aston Villa,Hull City,0,0,True,Aston Villa,3
Eliot Matazo,291,0,0,0,0,0,0,0,0,0,0,0,0,0,0.0,0.0,0.0,0.0,0,0.00,0.00,0.00,0.00,0,False,25,Hull City,MID,45,Aston Villa,Hull City,0,0,True,Aston Villa,3
Abdülkadir Ömür,292,0,0,0,0,0,0,0,0,0,0,0,0,0,0.0,0.0,0.0,0.0,0,0.00,0.00,0.00,0.00,0,False,25,Hull City,MID,49,Aston Villa,Hull City,0,0,True,Aston Villa,3
Abu Kamara,293,0,0,0,0,0,0,0,0,0,0,0,0,0,0.0,0.0,0.0,0.0,0,0.00,0.00,0.00,0.00,0,False,25,Hull City,MID,50,Aston Villa,Hull City,0,0,True,Aston Villa,3
Óscar Zambrano,294,0,0,0,0,0,0,0,0,0,0,0,0,0,0.0,0.0,0.0,0.0,0,0.00,0.00,0.00,0.00,0,False,25,Hull City,MID,45,Aston Villa,Hull City,0,0,True,Aston Villa,3
Oli McBurnie,295,90,0,0,1,0,0,0,0,0,0,0,0,2,2.6,11.3,15.0,2.9,1,0.38,0.05,0.43,1.93,2,False,25,Hull City,FWD,55,Aston Villa,Hull City,0,0,True,Aston Villa,3
David Akintola,296,0,0,0,0,0,0,0,0,0,0,0,0,0,0.0,0.0,0.0,0.0,0,0.00,0.00,0.00,0.00,0,False,25,Hull City,MID,50,Aston Villa,Hull City,0,0,True,Aston Villa,3
Darko Gyabi,297,0,0,0,0,0,0,0,0,0,0,0,0,0,0.0,0.0,0.0,0.0,0,0.00,0.00,0.00,0.00,0,False,25,Hull City,MID,45,Aston Villa,Hull City,0,0,True,Aston Villa,3
Enis Destan,298,0,0,0,0,0,0,0,0,0,0,0,0,0,0.0,0.0,0.0,0.0,0,0.00,0.00,0.00,0.00,0,False,25,Hull City,FWD,45,Aston Villa,Hull City,0,0,True,Aston Villa,3
Mason Burstow,299,0,0,0,0,0,0,0,0,0,0,0,0,0,0.0,0.0,0.0,0.0,0,0.00,0.00,0.00,0.00,0,False,25,Hull City,FWD,45,Aston Villa,Hull City,0,0,True,Aston Villa,3
Christian Walton,300,0,0,0,0,0,0,0,0,0,0,0,0,0,0.0,0.0,0.0,0.0,0,0.00,0.00,0.00,0.00,0,False,21,Ipswich Town,GK,45,Liverpool,Ipswich Town,2,0,True,Liverpool,3
Alex Palmer,301,0,0,0,0,0,0,0,0,0,0,0,0,0,0.0,0.0,0.0,0.0,0,0.00,0.00,0.00,0.00,0,False,21,Ipswich Town,GK,40,Liverpool,Ipswich Town,2,0,True,Liverpool,3
David Button,302,0,0,0,0,0,0,0,0,0,0,0,0,0,0.0,0.0,0.0,0.0,0,0.00,0.00,0.00,0.00,0,False,21,Ipswich Town,GK,40,Liverpool,Ipswich Town,2,0,True,Liverpool,3
Cédric Kipré,303,0,0,0,0,0,0,0,0,0,0,0,0,0,0.0,0.0,0.0,0.0,0,0.00,0.00,0.00,0.00,0,False,21,Ipswich Town,DEF,40,Liverpool,Ipswich Town,2,0,True,Liverpool,3
Dara O'Shea,304,90,0,0,0,2,0,0,0,0,0,0,0,5,23.8,4.4,4.0,3.2,1,0.00,0.01,0.01,0.69,3,False,21,Ipswich Town,DEF,40,Liverpool,Ipswich Town,2,0,True,Liverpool,3
Leif Davis,305,90,0,0,0,2,0,0,0,0,0,0,0,4,17.4,21.5,19.0,5.8,1,0.11,0.12,0.23,0.69,1,False,21,Ipswich Town,DEF,40,Liverpool,Ipswich Town,2,0,True,Liverpool,3
Jacob Greaves,306,90,0,0,0,2,0,0,0,0,0,0,0,6,15.0,12.3,4.0,3.1,1,0.00,0.04,0.04,0.69,1,False,21,Ipswich Town,DEF,40,Liverpool,Ipswich Town,2,0,True,Liverpool,3
Ben Johnson,307,0,0,0,0,0,0,0,0,0,0,0,0,0,0.0,0.0,0.0,0.0,0,0.00,0.00,0.00,0.00,0,False,21,Ipswich Town,DEF,40,Liverpool,Ipswich Town,2,0,True,Liverpool,3
Darnell Furlong,308,0,0,0,0,0,0,0,0,0,0,0,0,0,0.0,0.0,0.0,0.0,0,0.00,0.00,0.00,0.00,0,False,21,Ipswich Town,DEF,40,Liverpool,Ipswich Town,2,0,True,Liverpool,3
Marcelino Núñez,309,0,0,0,0,0,0,0,0,0,0,0,0,0,0.0,0.0,0.0,0.0,0,0.00,0.00,0.00,0.00,0,False,21,Ipswich Town,MID,50,Liverpool,Ipswich Town,2,0,True,Liverpool,3
Azor Matusiwa,310,0,0,0,0,0,0,0,0,0,0,0,0,0,0.0,0.0,0.0,0.0,0,0.00,0.00,0.00,0.00,0,False,21,Ipswich Town,MID,50,Liverpool,Ipswich Town,2,0,True,Liverpool,3
Wes Burns,311,0,0,0,0,0,0,0,0,0,0,0,0,0,0.0,0.0,0.0,0.0,0,0.00,0.00,0.00,0.00,0,False,21,Ipswich Town,MID,50,Liverpool,Ipswich Town,2,0,True,Liverpool,3
Jack Taylor,312,0,0,0,0,0,0,0,0,0,0,0,0,0,0.0,0.0,0.0,0.0,0,0.00,0.00,0.00,0.00,0,False,21,Ipswich Town,MID,45,Liverpool,Ipswich Town,2,0,True,Liverpool,3
Jack Clarke,313,24,0,0,0,0,0,0,0,0,0,0,0,3,3.4,11.7,4.0,1.9,0,0.05,0.02,0.07,0.06,1,False,21,Ipswich Town,MID,55,Liverpool,Ipswich Town,2,0,True,Liverpool,3
Chiedozie Ogbene,314,0,0,0,0,0,0,0,0,0,0,0,0,0,0.0,0.0,0.0,0.0,0,0.00,0.00,0.00,0.00,0,False,21,Ipswich Town,MID,49,Liverpool,Ipswich Town,2,0,True,Liverpool,3
Abdul Fatawu,315,78,0,0,0,2,0,0,0,0,0,0,0,14,10.2,32.9,4.0,4.7,1,0.03,0.15,0.18,0.69,2,False,21,Ipswich Town,MID,55,Liverpool,Ipswich Town,2,0,True,Liverpool,3
Emersonn Correia da Silva,316,65,0,0,0,2,0,0,0,0,0,0,0,8,3.2,0.0,8.0,1.1,1,0.22,0.00,0.22,0.62,2,False,21,Ipswich Town,FWD,55,Liverpool,Ipswich Town,2,0,True,Liverpool,3
George Hirst,317,0,0,0,0,0,0,0,0,0,0,0,0,0,0.0,0.0,0.0,0.0,0,0.00,0.00,0.00,0.00,0,False,21,Ipswich Town,FWD,50,Liverpool,Ipswich Town,2,0,True,Liverpool,3
Jaden Philogene,318,0,0,0,0,0,0,0,0,0,0,0,0,0,0.0,0.0,0.0,0.0,0,0.00,0.00,0.00,0.00,0,False,21,Ipswich Town,MID,54,Liverpool,Ipswich Town,2,0,True,Liverpool,3
Sam Szmodics,319,0,0,0,0,0,0,0,0,0,0,0,0,0,0.0,0.0,0.0,0.0,0,0.00,0.00,0.00,0.00,0,False,21,Ipswich Town,MID,50,Liverpool,Ipswich Town,2,0,True,Liverpool,3
Chuba Akpom,320,0,0,0,0,0,0,0,0,0,0,0,0,0,0.0,0.0,0.0,0.0,0,0.00,0.00,0.00,0.00,0,False,21,Ipswich Town,FWD,50,Liverpool,Ipswich Town,2,0,True,Liverpool,3
Sindre Walle Egeli,321,0,0,0,0,0,0,0,0,0,0,0,0,0,0.0,0.0,0.0,0.0,0,0.00,0.00,0.00,0.00,0,False,21,Ipswich Town,FWD,45,Liverpool,Ipswich Town,2,0,True,Liverpool,3
Ali Al-Hamadi,322,0,0,0,0,0,0,0,0,0,0,0,0,0,0.0,0.0,0.0,0.0,0,0.00,0.00,0.00,0.00,0,False,21,Ipswich Town,FWD,50,Liverpool,Ipswich Town,2,0,True,Liverpool,3
Kasey McAteer,323,11,0,0,0,0,0,0,0,0,0,0,0,5,3.2,0.5,7.0,1.1,0,0.05,0.00,0.05,0.00,1,False,21,Ipswich Town,MID,45,Liverpool,Ipswich Town,2,0,True,Liverpool,3
Anis Mehmeti,324,0,0,0,0,0,0,0,0,0,0,0,0,0,0.0,0.0,0.0,0.0,0,0.00,0.00,0.00,0.00,0,False,21,Ipswich Town,MID,49,Liverpool,Ipswich Town,2,0,True,Liverpool,3
Karl Darlow,325,0,0,0,0,0,0,0,0,0,0,0,0,0,0.0,0.0,0.0,0.0,0,0.00,0.00,0.00,0.00,0,False,30,Manchester United,GK,45,Manchester United,Everton,2,2,False,Everton,3
Lucas Estella Perri,326,0,0,0,0,0,0,0,0,0,0,0,0,0,0.0,0.0,0.0,0.0,0,0.00,0.00,0.00,0.00,0,False,23,Leeds United,GK,45,Leeds United,Brighton,1,1,False,Brighton,3
Jaka Bijol,327,29,0,0,0,1,0,0,0,0,0,0,0,1,6.2,0.0,0.0,0.6,0,0.00,0.00,0.00,1.95,1,False,23,Leeds United,DEF,50,Leeds United,Brighton,1,1,False,Brighton,3
Pascal Struijk,328,1,0,0,0,0,0,0,0,0,0,0,0,3,0.2,0.1,0.0,0.0,0,0.00,0.00,0.00,0.00,1,False,23,Brighton,DEF,50,Leeds United,Brighton,1,1,True,Leeds United,3
Joe Rodon,329,0,0,0,0,0,0,0,0,0,0,0,0,0,0.0,0.0,0.0,0.0,0,0.00,0.00,0.00,0.00,0,False,23,Leeds United,DEF,45,Leeds United,Brighton,1,1,False,Brighton,3
Jayden Bogle,330,60,1,0,1,0,0,0,0,1,0,0,3,30,35.4,1.7,33.0,7.0,1,0.90,0.02,0.92,0.24,14,True,23,Leeds United,DEF,45,Leeds United,Brighton,1,1,False,Brighton,3
Gabriel Gudmundsson,331,90,0,0,0,1,0,0,0,0,0,0,0,9,12.6,1.2,2.0,1.6,1,0.00,0.00,0.00,2.19,2,False,23,Leeds United,DEF,45,Leeds United,Brighton,1,1,False,Brighton,3
James Justin,332,90,0,0,0,1,0,0,0,0,0,0,0,9,16.8,1.5,21.0,3.9,1,0.14,0.00,0.14,2.19,4,False,23,Leeds United,DEF,45,Leeds United,Brighton,1,1,False,Brighton,3
Sebastiaan Bornauw,333,0,0,0,0,0,0,0,0,0,0,0,0,0,0.0,0.0,0.0,0.0,0,0.00,0.00,0.00,0.00,0,False,23,Leeds United,DEF,45,Leeds United,Brighton,1,1,False,Brighton,3
Tarik Muharemović,334,90,0,0,0,1,0,0,0,0,0,0,0,10,29.2,0.8,2.0,3.2,1,0.00,0.01,0.01,2.19,4,False,23,Leeds United,DEF,50,Leeds United,Brighton,1,1,False,Brighton,3
Anton Stach,335,90,0,0,0,1,0,0,0,0,0,0,0,7,15.4,16.5,19.0,5.1,1,0.32,0.10,0.42,2.19,2,False,23,Leeds United,MID,60,Leeds United,Brighton,1,1,False,Brighton,3
Noah Okafor,336,61,0,0,1,0,0,0,0,0,0,0,0,9,1.4,0.6,2.0,0.4,1,0.00,0.01,0.01,0.24,3,False,23,Leeds United,MID,59,Leeds United,Brighton,1,1,False,Brighton,3
Brenden Aaronson,337,28,0,0,0,1,0,0,0,0,0,0,0,5,0.0,1.0,0.0,0.1,0,0.00,0.00,0.00,1.95,1,False,23,Leeds United,MID,55,Leeds United,Brighton,1,1,False,Brighton,3
Ethan Ampadu,338,90,0,0,0,1,0,0,0,0,0,0,0,13,23.6,1.3,0.0,2.5,1,0.00,0.01,0.01,2.19,2,False,23,Leeds United,MID,55,Leeds United,Brighton,1,1,False,Brighton,3
Sean Longstaff,339,0,0,0,0,0,0,0,0,0,0,0,0,0,0.0,0.0,0.0,0.0,0,0.00,0.00,0.00,0.00,0,False,23,Leeds United,MID,50,Leeds United,Brighton,1,1,False,Brighton,3
Joe Gelhardt,340,0,0,0,0,0,0,0,0,0,0,0,0,0,0.0,0.0,0.0,0.0,0,0.00,0.00,0.00,0.00,0,False,25,Hull City,MID,50,Aston Villa,Hull City,0,0,True,Aston Villa,3
Wilfried Gnonto,341,0,0,0,0,0,0,0,0,0,0,0,0,0,0.0,0.0,0.0,0.0,0,0.00,0.00,0.00,0.00,0,False,23,Leeds United,MID,50,Leeds United,Brighton,1,1,False,Brighton,3
Jack Harrison,342,0,0,0,0,0,0,0,0,0,0,0,0,0,0.0,0.0,0.0,0.0,0,0.00,0.00,0.00,0.00,0,False,23,Leeds United,MID,50,Leeds United,Brighton,1,1,False,Brighton,3
Daniel James,343,0,0,0,0,0,0,0,0,0,0,0,0,0,0.0,0.0,0.0,0.0,0,0.00,0.00,0.00,0.00,0,False,23,Leeds United,MID,50,Leeds United,Brighton,1,1,False,Brighton,3
Ilia Gruev,344,0,0,0,0,0,0,0,0,0,0,0,0,0,0.0,0.0,0.0,0.0,0,0.00,0.00,0.00,0.00,0,False,23,Leeds United,MID,50,Leeds United,Brighton,1,1,False,Brighton,3
Tanaka Ao,345,72,0,1,0,1,0,0,0,0,0,0,0,18,20.8,12.2,13.0,4.6,1,0.53,0.01,0.54,0.87,5,False,23,Leeds United,MID,49,Leeds United,Brighton,1,1,False,Brighton,3
Dominic Calvert-Lewin,346,72,0,0,0,1,0,0,0,1,0,0,0,0,4.4,11.3,21.0,3.7,1,0.56,0.06,0.62,0.87,1,False,23,Leeds United,FWD,60,Leeds United,Brighton,1,1,False,Brighton,3
Lukas Nmecha,347,17,0,0,0,0,0,0,0,0,0,0,0,2,0.0,1.8,9.0,0.9,0,0.17,0.14,0.31,1.32,1,False,23,Leeds United,FWD,55,Leeds United,Brighton,1,1,False,Brighton,3
Joël Piroe,348,0,0,0,0,0,0,0,0,0,0,0,0,0,0.0,0.0,0.0,0.0,0,0.00,0.00,0.00,0.00,0,False,23,Leeds United,FWD,50,Leeds United,Brighton,1,1,False,Brighton,3
Mateo Joseph Fernández-Regatillo,349,0,0,0,0,0,0,0,0,0,0,0,0,0,0.0,0.0,0.0,0.0,0,0.00,0.00,0.00,0.00,0,False,23,Leeds United,FWD,45,Leeds United,Brighton,1,1,False,Brighton,3
Alisson Becker,350,90,0,0,1,0,0,0,0,0,0,5,1,35,30.4,0.0,0.0,3.0,1,0.00,0.00,0.00,0.75,8,False,21,Liverpool,GK,55,Liverpool,Ipswich Town,2,0,False,Ipswich Town,3
Giorgi Mamardashvili,351,0,0,0,0,0,0,0,0,0,0,0,0,0,0.0,0.0,0.0,0.0,0,0.00,0.00,0.00,0.00,0,False,21,Liverpool,GK,49,Liverpool,Ipswich Town,2,0,False,Ipswich Town,3
Freddie Woodman,352,0,0,0,0,0,0,0,0,0,0,0,0,0,0.0,0.0,0.0,0.0,0,0.00,0.00,0.00,0.00,0,False,21,Liverpool,GK,40,Liverpool,Ipswich Town,2,0,False,Ipswich Town,3
Armin Pecsi,353,0,0,0,0,0,0,0,0,0,0,0,0,0,0.0,0.0,0.0,0.0,0,0.00,0.00,0.00,0.00,0,False,21,Liverpool,GK,40,Liverpool,Ipswich Town,2,0,False,Ipswich Town,3
Vitezslav Jaros,354,0,0,0,0,0,0,0,0,0,0,0,0,0,0.0,0.0,0.0,0.0,0,0.00,0.00,0.00,0.00,0,False,21,Liverpool,GK,40,Liverpool,Ipswich Town,2,0,False,Ipswich Town,3
Harvey Davies,355,0,0,0,0,0,0,0,0,0,0,0,0,0,0.0,0.0,0.0,0.0,0,0.00,0.00,0.00,0.00,0,False,21,Liverpool,GK,40,Liverpool,Ipswich Town,2,0,False,Ipswich Town,3
Virgil van Dijk,356,90,0,0,1,0,0,0,0,0,0,0,0,32,23.2,1.8,0.0,2.5,1,0.00,0.02,0.02,0.75,6,False,21,Liverpool,DEF,65,Liverpool,Ipswich Town,2,0,False,Ipswich Town,3
Jeremie Frimpong,357,0,0,0,0,0,0,0,0,0,0,0,0,0,0.0,0.0,0.0,0.0,0,0.00,0.00,0.00,0.00,0,False,21,Liverpool,DEF,55,Liverpool,Ipswich Town,2,0,False,Ipswich Town,3
Milos Kerkez,358,90,0,0,1,0,0,0,0,1,0,0,0,23,13.8,11.3,0.0,2.5,1,0.00,0.03,0.03,0.75,5,False,21,Liverpool,DEF,55,Liverpool,Ipswich Town,2,0,False,Ipswich Town,3
Joe Gomez,359,0,0,0,0,0,0,0,0,0,0,0,0,0,0.0,0.0,0.0,0.0,0,0.00,0.00,0.00,0.00,0,False,21,Liverpool,DEF,50,Liverpool,Ipswich Town,2,0,False,Ipswich Town,3
Conor Bradley,360,0,0,0,0,0,0,0,0,0,0,0,0,0,0.0,0.0,0.0,0.0,0,0.00,0.00,0.00,0.00,0,False,21,Liverpool,DEF,50,Liverpool,Ipswich Town,2,0,False,Ipswich Town,3
Wellity Lucky,361,0,0,0,0,0,0,0,0,0,0,0,0,0,0.0,0.0,0.0,0.0,0,0.00,0.00,0.00,0.00,0,False,21,Liverpool,DEF,40,Liverpool,Ipswich Town,2,0,False,Ipswich Town,3
Jeremy Jacquet,362,90,0,0,1,0,0,0,0,1,0,0,0,28,22.8,12.5,2.0,3.7,1,0.00,0.03,0.03,0.75,5,False,21,Liverpool,DEF,50,Liverpool,Ipswich Town,2,0,False,Ipswich Town,3
Giovanni Leoni,363,0,0,0,0,0,0,0,0,0,0,0,0,0,0.0,0.0,0.0,0.0,0,0.00,0.00,0.00,0.00,0,False,21,Liverpool,DEF,40,Liverpool,Ipswich Town,2,0,False,Ipswich Town,3
Kostas Tsimikas,364,0,0,0,0,0,0,0,0,0,0,0,0,0,0.0,0.0,0.0,0.0,0,0.00,0.00,0.00,0.00,0,False,21,Liverpool,DEF,50,Liverpool,Ipswich Town,2,0,False,Ipswich Town,3
Calvin Ramsay,365,0,0,0,0,0,0,0,0,0,0,0,0,0,0.0,0.0,0.0,0.0,0,0.00,0.00,0.00,0.00,0,False,21,Liverpool,DEF,40,Liverpool,Ipswich Town,2,0,False,Ipswich Town,3
Florian Wirtz,366,90,0,0,1,0,0,0,0,0,0,0,0,14,6.6,34.0,22.0,6.3,1,0.18,0.05,0.23,0.65,3,False,21,Liverpool,MID,75,Liverpool,Ipswich Town,2,0,False,Ipswich Town,3
Cody Gakpo,367,90,0,2,1,0,0,0,0,0,0,0,2,43,49.6,42.7,13.0,10.5,1,0.06,0.40,0.46,0.75,11,True,21,Liverpool,MID,71,Liverpool,Ipswich Town,2,0,False,Ipswich Town,3
Dominik Szoboszlai,368,90,0,0,1,0,0,0,0,0,0,0,0,20,19.4,29.9,21.0,7.0,1,0.16,0.08,0.24,0.75,3,False,21,Liverpool,MID,70,Liverpool,Ipswich Town,2,0,False,Ipswich Town,3
Rio Ngumoha,369,0,0,0,0,0,0,0,0,0,0,0,0,0,0.0,0.0,0.0,0.0,0,0.00,0.00,0.00,0.00,0,False,21,Liverpool,MID,59,Liverpool,Ipswich Town,2,0,False,Ipswich Town,3
Federico Chiesa,370,0,0,0,0,0,0,0,0,0,0,0,0,0,0.0,0.0,0.0,0.0,0,0.00,0.00,0.00,0.00,0,False,21,Liverpool,MID,54,Liverpool,Ipswich Town,2,0,False,Ipswich Town,3
Ryan Gravenberch,371,26,0,0,0,0,0,0,0,0,0,0,0,2,2.2,1.7,0.0,0.4,0,0.00,0.00,0.00,0.17,1,False,21,Liverpool,MID,60,Liverpool,Ipswich Town,2,0,False,Ipswich Town,3
Alexis Mac Allister,372,83,0,0,1,0,0,0,0,1,0,0,0,14,16.6,12.8,18.0,4.7,1,0.08,0.02,0.10,0.60,2,False,21,Liverpool,MID,55,Liverpool,Ipswich Town,2,0,False,Ipswich Town,3
Curtis Jones,373,0,0,0,0,0,0,0,0,0,0,0,0,0,0.0,0.0,0.0,0.0,0,0.00,0.00,0.00,0.00,0,False,21,Liverpool,MID,55,Liverpool,Ipswich Town,2,0,False,Ipswich Town,3
Endo Wataru,374,0,0,0,0,0,0,0,0,0,0,0,0,0,0.0,0.0,0.0,0.0,0,0.00,0.00,0.00,0.00,0,False,21,Liverpool,MID,50,Liverpool,Ipswich Town,2,0,False,Ipswich Town,3
Trey Nyoni,375,6,0,0,0,0,0,0,0,0,0,0,0,3,0.2,0.1,0.0,0.0,0,0.00,0.00,0.00,0.15,1,False,21,Liverpool,MID,50,Liverpool,Ipswich Town,2,0,False,Ipswich Town,3
Stefan Bajčetić Maquieira,376,0,0,0,0,0,0,0,0,0,0,0,0,0,0.0,0.0,0.0,0.0,0,0.00,0.00,0.00,0.00,0,False,21,Liverpool,MID,50,Liverpool,Ipswich Town,2,0,False,Ipswich Town,3
Victor Munoz,377,63,0,0,1,0,0,0,0,0,0,0,0,9,0.8,4.3,6.0,1.1,1,0.00,0.02,0.02,0.58,3,False,21,Liverpool,MID,65,Liverpool,Ipswich Town,2,0,False,Ipswich Town,3
James McConnell,378,0,0,0,0,0,0,0,0,0,0,0,0,0,0.0,0.0,0.0,0.0,0,0.00,0.00,0.00,0.00,0,False,21,Liverpool,MID,45,Liverpool,Ipswich Town,2,0,False,Ipswich Town,3
Alexander Isak,379,63,2,0,1,0,0,0,0,0,0,0,3,61,67.0,6.4,34.0,10.7,1,0.21,0.05,0.26,0.58,13,True,21,Liverpool,FWD,90,Liverpool,Ipswich Town,2,0,False,Ipswich Town,3
Hugo Ekitiké,380,0,0,0,0,0,0,0,0,0,0,0,0,0,0.0,0.0,0.0,0.0,0,0.00,0.00,0.00,0.00,0,False,21,Liverpool,FWD,75,Liverpool,Ipswich Town,2,0,False,Ipswich Town,3
Lewis Koumas,381,1,0,0,0,0,0,0,0,0,0,0,0,3,0.0,0.0,0.0,0.0,0,0.00,0.00,0.00,0.10,1,False,21,Liverpool,MID,50,Liverpool,Ipswich Town,2,0,False,Ipswich Town,3
Jayden Danns,382,0,0,0,0,0,0,0,0,0,0,0,0,0,0.0,0.0,0.0,0.0,0,0.00,0.00,0.00,0.00,0,False,21,Liverpool,FWD,45,Liverpool,Ipswich Town,2,0,False,Ipswich Town,3
Harvey Elliott,383,0,0,0,0,0,0,0,0,0,0,0,0,0,0.0,0.0,0.0,0.0,0,0.00,0.00,0.00,0.00,0,False,21,Liverpool,MID,54,Liverpool,Ipswich Town,2,0,False,Ipswich Town,3
Gianluigi Donnarumma,384,90,0,0,1,0,0,0,0,0,0,3,0,29,26.8,0.0,0.0,2.7,1,0.00,0.00,0.00,1.37,7,False,26,Manchester City,GK,55,Coventry City,Manchester City,0,1,True,Coventry City,3
James Trafford,385,90,0,0,0,1,0,0,0,0,0,4,0,18,34.8,0.0,0.0,3.5,1,0.00,0.00,0.00,2.19,3,False,23,Leeds United,GK,50,Leeds United,Brighton,1,1,False,Brighton,3
Marcus Bettinelli,386,0,0,0,0,0,0,0,0,0,0,0,0,0,0.0,0.0,0.0,0.0,0,0.00,0.00,0.00,0.00,0,False,26,Manchester City,GK,45,Coventry City,Manchester City,0,1,True,Coventry City,3
Nico O'Reilly,387,0,0,0,0,0,0,0,0,0,0,0,0,0,0.0,0.0,0.0,0.0,0,0.00,0.00,0.00,0.00,0,False,26,Manchester City,DEF,65,Coventry City,Manchester City,0,1,True,Coventry City,3
Marc Guéhi,388,90,0,0,1,0,0,0,0,0,0,0,2,31,28.8,9.6,2.0,4.0,1,0.00,0.02,0.02,1.37,8,False,26,Manchester City,DEF,60,Coventry City,Manchester City,0,1,True,Coventry City,3
Matheus Nunes,389,0,0,0,0,0,0,0,0,0,0,0,0,0,0.0,0.0,0.0,0.0,0,0.00,0.00,0.00,0.00,0,False,26,Manchester City,DEF,59,Coventry City,Manchester City,0,1,True,Coventry City,3
Rúben dos Santos Gato Alves Dias,390,90,0,0,1,0,0,0,0,0,0,0,0,25,20.6,6.6,0.0,2.7,1,0.00,0.03,0.03,1.37,6,False,26,Manchester City,DEF,55,Coventry City,Manchester City,0,1,True,Coventry City,3
Joško Gvardiol,391,90,0,0,1,0,0,0,0,0,0,0,2,31,18.8,6.9,7.0,3.3,1,0.01,0.02,0.03,1.37,8,False,26,Manchester City,DEF,56,Coventry City,Manchester City,0,1,True,Coventry City,3
Rayan Aït-Nouri,392,0,0,0,0,0,0,0,0,0,0,0,0,0,0.0,0.0,0.0,0.0,0,0.00,0.00,0.00,0.00,0,False,26,Manchester City,DEF,54,Coventry City,Manchester City,0,1,True,Coventry City,3
Abdukodir Khusanov,393,90,0,0,1,0,0,0,0,1,0,0,0,22,13.6,3.9,0.0,1.8,1,0.00,0.02,0.02,1.37,5,False,26,Manchester City,DEF,55,Coventry City,Manchester City,0,1,True,Coventry City,3
Max Alleyne,394,0,0,0,0,0,0,0,0,0,0,0,0,0,0.0,0.0,0.0,0.0,0,0.00,0.00,0.00,0.00,0,False,26,Manchester City,DEF,50,Coventry City,Manchester City,0,1,True,Coventry City,3
Rico Lewis,395,0,0,0,0,0,0,0,0,0,0,0,0,0,0.0,0.0,0.0,0.0,0,0.00,0.00,0.00,0.00,0,False,26,Manchester City,DEF,45,Coventry City,Manchester City,0,1,True,Coventry City,3
Vitor de Oliveira Nunes dos Reis,396,0,0,0,0,0,0,0,0,0,0,0,0,0,0.0,0.0,0.0,0.0,0,0.00,0.00,0.00,0.00,0,False,26,Manchester City,DEF,45,Coventry City,Manchester City,0,1,True,Coventry City,3
Antoine Semenyo,397,90,0,1,1,0,0,0,0,0,0,0,0,26,22.6,45.9,11.0,8.0,1,0.05,0.34,0.39,1.37,6,False,26,Manchester City,MID,85,Coventry City,Manchester City,0,1,True,Coventry City,3
Phil Foden,398,24,0,0,0,0,0,0,0,0,0,0,0,3,4.4,14.8,7.0,2.6,0,0.62,0.01,0.63,0.50,1,False,26,Manchester City,MID,70,Coventry City,Manchester City,0,1,True,Coventry City,3
Rayan Cherki,399,65,0,0,1,0,0,0,0,0,0,0,0,23,7.4,52.2,24.0,8.4,1,0.21,0.30,0.51,0.86,3,False,26,Manchester City,MID,77,Coventry City,Manchester City,0,1,True,Coventry City,3
Jérémy Doku,400,0,0,0,0,0,0,0,0,0,0,0,0,0,0.0,0.0,0.0,0.0,0,0.00,0.00,0.00,0.00,0,False,26,Manchester City,MID,74,Coventry City,Manchester City,0,1,True,Coventry City,3
Omar Marmoush,401,83,0,0,1,0,0,0,0,0,0,0,0,6,0.0,2.4,10.0,1.0,1,0.17,0.01,0.18,0.88,2,False,28,Sunderland,FWD,70,Sunderland,Nottingham,0,0,False,Nottingham,3
Rodrigo 'Rodri' Hernandez Cascante,402,0,0,0,0,0,0,0,0,0,0,0,0,0,0.0,0.0,0.0,0.0,0,0.00,0.00,0.00,0.00,0,False,26,Manchester City,MID,65,Coventry City,Manchester City,0,1,True,Coventry City,3
Sávio Moreira de Oliveira,403,60,0,0,1,0,0,0,0,0,0,0,0,15,6.2,17.3,15.0,3.9,1,0.02,0.27,0.29,0.49,3,False,28,Sunderland,MID,65,Sunderland,Nottingham,0,0,False,Nottingham,3
Tijjani Reijnders,404,0,0,0,0,0,0,0,0,0,0,0,0,0,0.0,0.0,0.0,0.0,0,0.00,0.00,0.00,0.00,0,False,26,Manchester City,MID,60,Coventry City,Manchester City,0,1,True,Coventry City,3
Nico González Iglesias,405,76,0,0,0,2,0,0,0,0,0,0,0,11,6.2,12.4,2.0,2.1,1,0.00,0.01,0.01,1.33,2,False,27,Newcastle,MID,55,Bournemouth,Newcastle,2,2,True,Bournemouth,3
Mateo Kovačić,406,0,0,0,0,0,0,0,0,0,0,0,0,0,0.0,0.0,0.0,0.0,0,0.00,0.00,0.00,0.00,0,False,26,Manchester City,MID,55,Coventry City,Manchester City,0,1,True,Coventry City,3
Claudio Echeverri,407,0,0,0,0,0,0,0,0,0,0,0,0,0,0.0,0.0,0.0,0.0,0,0.00,0.00,0.00,0.00,0,False,26,Manchester City,MID,49,Coventry City,Manchester City,0,1,True,Coventry City,3
Kalvin Phillips,408,0,0,0,0,0,0,0,0,0,0,0,0,0,0.0,0.0,0.0,0.0,0,0.00,0.00,0.00,0.00,0,False,26,Manchester City,MID,50,Coventry City,Manchester City,0,1,True,Coventry City,3
Divine Mukasa,409,0,0,0,0,0,0,0,0,0,0,0,0,0,0.0,0.0,0.0,0.0,0,0.00,0.00,0.00,0.00,0,False,26,Manchester City,MID,45,Coventry City,Manchester City,0,1,True,Coventry City,3
Jeremy Monga,410,0,0,0,0,0,0,0,0,0,0,0,0,0,0.0,0.0,0.0,0.0,0,0.00,0.00,0.00,0.00,0,False,26,Manchester City,MID,49,Coventry City,Manchester City,0,1,True,Coventry City,3
Erling Haaland,411,90,1,0,1,0,0,0,0,0,0,0,3,40,48.8,13.6,63.0,12.5,1,1.06,0.48,1.54,1.37,9,True,26,Manchester City,FWD,155,Coventry City,Manchester City,0,1,True,Coventry City,3
Senne Lammens,412,90,0,0,0,2,0,0,0,0,0,4,0,13,31.8,0.0,0.0,3.2,1,0.00,0.00,0.00,1.01,2,False,30,Manchester United,GK,50,Manchester United,Everton,2,2,False,Everton,3
Altay Bayındır,413,0,0,0,0,0,0,0,0,0,0,0,0,0,0.0,0.0,0.0,0.0,0,0.00,0.00,0.00,0.00,0,False,30,Manchester United,GK,45,Manchester United,Everton,2,2,False,Everton,3
Tom Heaton,414,0,0,0,0,0,0,0,0,0,0,0,0,0,0.0,0.0,0.0,0.0,0,0.00,0.00,0.00,0.00,0,False,30,Manchester United,GK,40,Manchester United,Everton,2,2,False,Everton,3
Patrick Dorgu,415,20,0,0,0,2,0,0,0,0,0,0,0,3,4.2,1.3,2.0,0.8,0,0.00,0.01,0.01,0.36,1,False,30,Manchester United,MID,59,Manchester United,Everton,2,2,False,Everton,3
Matthijs de Ligt,416,0,0,0,0,0,0,0,0,0,0,0,0,0,0.0,0.0,0.0,0.0,0,0.00,0.00,0.00,0.00,0,False,30,Manchester United,DEF,50,Manchester United,Everton,2,2,False,Everton,3
Diogo Dalot Teixeira,417,83,0,0,0,1,0,0,0,1,0,0,0,8,4.8,22.7,6.0,3.4,1,0.01,0.01,0.02,0.92,1,False,30,Manchester United,DEF,50,Manchester United,Everton,2,2,False,Everton,3
Harry Maguire,418,90,0,0,0,2,0,0,0,1,0,0,0,1,26.8,1.3,2.0,3.0,1,0.00,0.01,0.01,1.01,2,False,30,Manchester United,DEF,50,Manchester United,Everton,2,2,False,Everton,3
Lisandro Martínez,419,90,0,0,0,2,0,0,0,0,0,0,0,7,29.0,0.3,0.0,2.9,1,0.00,0.00,0.00,1.01,3,False,30,Manchester United,DEF,50,Manchester United,Everton,2,2,False,Everton,3
Leny Yoro,420,6,0,0,0,1,0,0,0,0,0,0,0,1,6.0,0.6,2.0,0.9,0,0.00,0.01,0.01,0.09,1,False,30,Manchester United,DEF,49,Manchester United,Everton,2,2,False,Everton,3
Ayden Heaven,421,0,0,0,0,0,0,0,0,0,0,0,0,0,0.0,0.0,0.0,0.0,0,0.00,0.00,0.00,0.00,0,False,30,Manchester United,DEF,45,Manchester United,Everton,2,2,False,Everton,3
Noussair Mazraoui,422,1,0,0,0,1,0,0,0,0,0,0,0,-1,2.2,0.5,2.0,0.5,0,0.00,0.01,0.01,0.07,1,False,30,Manchester United,DEF,45,Manchester United,Everton,2,2,False,Everton,3
Luke Shaw,423,90,0,1,0,1,0,0,0,1,0,0,0,22,42.4,24.8,3.0,7.0,1,0.02,0.23,0.25,0.94,4,False,30,Manchester United,DEF,45,Manchester United,Everton,2,2,False,Everton,3
Harry Amass,424,0,0,0,0,0,0,0,0,0,0,0,0,0,0.0,0.0,0.0,0.0,0,0.00,0.00,0.00,0.00,0,False,30,Manchester United,DEF,40,Manchester United,Everton,2,2,False,Everton,3
Tyler Fredricson,425,0,0,0,0,0,0,0,0,0,0,0,0,0,0.0,0.0,0.0,0.0,0,0.00,0.00,0.00,0.00,0,False,30,Manchester United,DEF,40,Manchester United,Everton,2,2,False,Everton,3
Bruno Borges Fernandes,426,90,0,0,0,2,0,0,0,0,0,0,0,11,3.4,33.6,14.0,5.1,1,0.15,0.06,0.21,1.01,2,False,30,Manchester United,MID,120,Manchester United,Everton,2,2,False,Everton,3
Bryan Mbeumo,427,90,1,0,0,2,0,0,0,0,0,0,1,29,39.8,13.7,18.0,7.2,1,0.05,0.03,0.08,1.01,8,False,30,Manchester United,MID,80,Manchester United,Everton,2,2,False,Everton,3
Matheus Santos Carneiro da Cunha,428,69,0,0,1,0,0,0,0,0,0,0,0,10,2.8,6.2,10.0,1.9,1,0.12,0.05,0.17,0.65,3,False,30,Manchester United,MID,80,Manchester United,Everton,2,2,False,Everton,3
Marcus Rashford,429,69,0,0,1,0,0,0,0,0,0,0,0,11,3.8,12.5,8.0,2.4,1,0.00,0.06,0.06,0.65,3,False,30,Manchester United,MID,70,Manchester United,Everton,2,2,False,Everton,3
Mason Mount,430,0,0,0,0,0,0,0,0,0,0,0,0,0,0.0,0.0,0.0,0.0,0,0.00,0.00,0.00,0.00,0,False,30,Manchester United,MID,54,Manchester United,Everton,2,2,False,Everton,3
Amad Diallo,431,0,0,0,0,0,0,0,0,0,0,0,0,0,0.0,0.0,0.0,0.0,0,0.00,0.00,0.00,0.00,0,False,30,Manchester United,MID,58,Manchester United,Everton,2,2,False,Everton,3
Kobbie Mainoo,432,83,0,1,0,1,0,0,0,0,0,0,2,32,34.2,24.5,0.0,5.9,1,0.00,0.07,0.07,0.92,9,False,30,Manchester United,MID,55,Manchester United,Everton,2,2,False,Everton,3
Manuel Ugarte Ribeiro,433,0,0,0,0,0,0,0,0,0,0,0,0,0,0.0,0.0,0.0,0.0,0,0.00,0.00,0.00,0.00,0,False,30,Manchester United,MID,50,Manchester United,Everton,2,2,False,Everton,3
Jack Fletcher,434,0,0,0,0,0,0,0,0,0,0,0,0,0,0.0,0.0,0.0,0.0,0,0.00,0.00,0.00,0.00,0,False,30,Manchester United,MID,50,Manchester United,Everton,2,2,False,Everton,3
Shea Lacey,435,0,0,0,0,0,0,0,0,0,0,0,0,0,0.0,0.0,0.0,0.0,0,0.00,0.00,0.00,0.00,0,False,30,Manchester United,MID,50,Manchester United,Everton,2,2,False,Everton,3
Toby Collyer,436,0,0,0,0,0,0,0,0,0,0,0,0,0,0.0,0.0,0.0,0.0,0,0.00,0.00,0.00,0.00,0,False,30,Manchester United,MID,50,Manchester United,Everton,2,2,False,Everton,3
Bendito Mantato,437,0,0,0,0,0,0,0,0,0,0,0,0,0,0.0,0.0,0.0,0.0,0,0.00,0.00,0.00,0.00,0,False,30,Manchester United,MID,45,Manchester United,Everton,2,2,False,Everton,3
Tyler Fletcher,438,0,0,0,0,0,0,0,0,0,0,0,0,0,0.0,0.0,0.0,0.0,0,0.00,0.00,0.00,0.00,0,False,30,Manchester United,MID,45,Manchester United,Everton,2,2,False,Everton,3
Benjamin Sesko,439,20,1,0,0,2,0,0,0,0,0,0,0,28,31.2,0.2,21.0,5.2,0,0.29,0.00,0.29,0.36,5,False,30,Manchester United,FWD,70,Manchester United,Everton,2,2,False,Everton,3
Joshua Zirkzee,440,0,0,0,0,0,0,0,0,0,0,0,0,0,0.0,0.0,0.0,0.0,0,0.00,0.00,0.00,0.00,0,False,30,Manchester United,FWD,54,Manchester United,Everton,2,2,False,Everton,3
Chido Obi,441,0,0,0,0,0,0,0,0,0,0,0,0,0,0.0,0.0,0.0,0.0,0,0.00,0.00,0.00,0.00,0,False,30,Manchester United,FWD,45,Manchester United,Everton,2,2,False,Everton,3
Nick Pope,442,0,0,0,0,0,0,0,0,0,0,0,0,0,0.0,0.0,0.0,0.0,0,0.00,0.00,0.00,0.00,0,False,27,Newcastle,GK,50,Bournemouth,Newcastle,2,2,True,Bournemouth,3
Mark Gillespie,443,0,0,0,0,0,0,0,0,0,0,0,0,0,0.0,0.0,0.0,0.0,0,0.00,0.00,0.00,0.00,0,False,27,Newcastle,GK,45,Bournemouth,Newcastle,2,2,True,Bournemouth,3
Ewen Jaouen,444,0,0,0,0,0,0,0,0,0,0,0,0,0,0.0,0.0,0.0,0.0,0,0.00,0.00,0.00,0.00,0,False,27,Newcastle,GK,45,Bournemouth,Newcastle,2,2,True,Bournemouth,3
Malick Thiaw,445,90,0,0,0,2,1,0,0,0,0,0,0,0,7.6,12.3,2.0,2.2,1,0.00,0.05,0.05,1.37,-1,False,27,Newcastle,DEF,50,Bournemouth,Newcastle,2,2,True,Bournemouth,3
Fabian Schär,446,0,0,0,0,0,0,0,0,0,0,0,0,0,0.0,0.0,0.0,0.0,0,0.00,0.00,0.00,0.00,0,False,27,Newcastle,DEF,50,Bournemouth,Newcastle,2,2,True,Bournemouth,3
Sven Botman,447,90,0,0,0,2,0,0,0,0,0,0,0,3,26.0,0.9,4.0,3.1,1,0.00,0.16,0.16,1.37,1,False,27,Newcastle,DEF,50,Bournemouth,Newcastle,2,2,True,Bournemouth,3
Dan Burn,448,0,0,0,0,0,0,0,0,0,0,0,0,0,0.0,0.0,0.0,0.0,0,0.00,0.00,0.00,0.00,0,False,27,Newcastle,DEF,49,Bournemouth,Newcastle,2,2,True,Bournemouth,3
Lewis Hall,449,89,0,1,0,2,0,0,0,0,0,0,0,20,28.0,13.4,3.0,4.4,1,0.01,0.01,0.02,1.35,4,False,27,Newcastle,DEF,51,Bournemouth,Newcastle,2,2,True,Bournemouth,3
Tino Livramento,450,1,0,0,0,0,0,0,0,0,0,0,0,3,0.2,0.0,0.0,0.0,0,0.00,0.00,0.00,0.02,1,False,27,Newcastle,DEF,49,Bournemouth,Newcastle,2,2,True,Bournemouth,3
Alex Murphy,451,0,0,0,0,0,0,0,0,0,0,0,0,0,0.0,0.0,0.0,0.0,0,0.00,0.00,0.00,0.00,0,False,27,Newcastle,DEF,40,Bournemouth,Newcastle,2,2,True,Bournemouth,3
Bruno Guimarães Rodriguez Moura,452,0,0,0,0,0,0,0,0,0,0,0,0,0,0.0,0.0,0.0,0.0,0,0.00,0.00,0.00,0.00,0,False,29,Arsenal,MID,68,Chelsea,Arsenal,1,2,True,Chelsea,3
Harvey Barnes,453,90,1,1,0,2,0,0,0,0,0,0,2,37,33.0,2.8,23.0,5.9,1,0.11,0.03,0.14,1.37,12,True,27,Newcastle,MID,60,Bournemouth,Newcastle,2,2,True,Bournemouth,3
Anthony Elanga,454,76,0,0,0,2,0,0,0,1,0,0,0,8,8.4,31.8,4.0,4.4,1,0.00,0.23,0.23,1.33,1,False,27,Newcastle,MID,61,Bournemouth,Newcastle,2,2,True,Bournemouth,3
Sandro Tonali,455,90,0,0,1,0,0,0,0,0,0,0,0,22,22.8,8.0,0.0,3.1,1,0.00,0.01,0.01,0.92,5,False,28,Sunderland,MID,54,Sunderland,Nottingham,0,0,False,Nottingham,3
Jacob Ramsey,456,27,1,0,0,0,0,0,0,0,0,0,0,22,32.4,0.8,17.0,5.0,0,0.11,0.02,0.13,0.04,6,False,27,Newcastle,MID,50,Bournemouth,Newcastle,2,2,True,Bournemouth,3
Jacob Murphy,457,13,0,0,0,0,0,0,0,0,0,0,0,5,0.2,0.3,0.0,0.1,0,0.00,0.00,0.00,0.04,1,False,27,Newcastle,MID,59,Bournemouth,Newcastle,2,2,True,Bournemouth,3
Joelinton Cássio Apolinário de Lira,458,0,0,0,0,0,0,0,0,0,0,0,0,0,0.0,0.0,0.0,0.0,0,0.00,0.00,0.00,0.00,0,False,27,Newcastle,MID,54,Bournemouth,Newcastle,2,2,True,Bournemouth,3
Lewis Miley,459,62,0,0,0,2,0,0,0,0,0,0,0,11,3.2,1.1,2.0,0.6,1,0.00,0.02,0.02,1.33,2,False,27,Newcastle,MID,55,Bournemouth,Newcastle,2,2,True,Bournemouth,3
Joe Willock,460,62,0,0,0,2,0,0,0,0,0,0,0,6,6.0,2.2,11.0,1.9,1,0.36,0.01,0.37,1.33,2,False,27,Newcastle,MID,50,Bournemouth,Newcastle,2,2,True,Bournemouth,3
Bazoumana Touré,461,0,0,0,0,0,0,0,0,0,0,0,0,0,0.0,0.0,0.0,0.0,0,0.00,0.00,0.00,0.00,0,False,27,Newcastle,MID,59,Bournemouth,Newcastle,2,2,True,Bournemouth,3
Sean Steur,462,13,0,0,0,0,0,0,0,0,0,0,0,3,2.0,0.5,0.0,0.3,0,0.00,0.00,0.00,0.04,1,False,27,Newcastle,MID,50,Bournemouth,Newcastle,2,2,True,Bournemouth,3
Nick Woltemade,463,0,0,0,0,0,0,0,0,0,0,0,0,0,0.0,0.0,0.0,0.0,0,0.00,0.00,0.00,0.00,0,False,27,Newcastle,FWD,59,Bournemouth,Newcastle,2,2,True,Bournemouth,3
Yoane Wissa,464,90,0,0,0,2,0,0,0,1,0,0,0,7,0.0,7.3,0.0,0.7,1,0.00,0.03,0.03,1.37,1,False,27,Newcastle,FWD,61,Bournemouth,Newcastle,2,2,True,Bournemouth,3
William Osula,465,0,0,0,0,0,0,0,0,0,0,0,0,0,0.0,0.0,0.0,0.0,0,0.00,0.00,0.00,0.00,0,False,27,Newcastle,FWD,59,Bournemouth,Newcastle,2,2,True,Bournemouth,3
Sean Neave,466,0,0,0,0,0,0,0,0,0,0,0,0,0,0.0,0.0,0.0,0.0,0,0.00,0.00,0.00,0.00,0,False,27,Newcastle,FWD,45,Bournemouth,Newcastle,2,2,True,Bournemouth,3
Matz Sels,467,90,0,0,1,0,0,0,0,0,0,0,0,21,2.4,0.0,0.0,0.2,1,0.00,0.00,0.00,1.06,6,False,28,Nottingham,GK,50,Sunderland,Nottingham,0,0,True,Sunderland,3
John Victor Maciel Furtado,468,0,0,0,0,0,0,0,0,0,0,0,0,0,0.0,0.0,0.0,0.0,0,0.00,0.00,0.00,0.00,0,False,28,Nottingham,GK,45,Sunderland,Nottingham,0,0,True,Sunderland,3
Neco Williams,469,90,0,0,1,0,0,0,0,0,0,0,1,28,11.4,10.9,4.0,2.6,1,0.00,0.07,0.07,1.06,7,False,28,Nottingham,DEF,50,Sunderland,Nottingham,0,0,True,Sunderland,3
Felipe Rodrigues da Silva,470,0,0,0,0,0,0,0,0,0,0,0,0,0,0.0,0.0,0.0,0.0,0,0.00,0.00,0.00,0.00,0,False,28,Nottingham,DEF,50,Sunderland,Nottingham,0,0,True,Sunderland,3
Nikola Milenković,471,90,0,0,1,0,0,0,0,1,0,0,0,27,28.6,0.8,2.0,3.1,1,0.00,0.01,0.01,1.06,7,False,28,Nottingham,DEF,55,Sunderland,Nottingham,0,0,True,Sunderland,3
Murillo Costa dos Santos,472,89,0,0,1,0,0,0,0,0,0,0,0,25,17.8,1.2,10.0,2.9,1,0.17,0.00,0.17,1.06,8,False,28,Nottingham,DEF,55,Sunderland,Nottingham,0,0,True,Sunderland,3
Ola Aina,473,58,0,0,0,0,0,0,0,0,0,0,0,8,13.0,0.5,0.0,1.4,1,0.00,0.00,0.00,0.81,1,False,28,Nottingham,DEF,45,Sunderland,Nottingham,0,0,True,Sunderland,3
Jair Paula da Cunha Filho,474,90,0,0,1,0,0,0,0,0,0,0,0,24,20.0,0.7,1.0,2.2,1,0.03,0.01,0.04,1.06,8,False,28,Nottingham,DEF,45,Sunderland,Nottingham,0,0,True,Sunderland,3
Nicolò Savona,475,0,0,0,0,0,0,0,0,0,0,0,0,0,0.0,0.0,0.0,0.0,0,0.00,0.00,0.00,0.00,0,False,28,Nottingham,DEF,45,Sunderland,Nottingham,0,0,True,Sunderland,3
Omar Richards,476,0,0,0,0,0,0,0,0,0,0,0,0,0,0.0,0.0,0.0,0.0,0,0.00,0.00,0.00,0.00,0,False,28,Nottingham,DEF,40,Sunderland,Nottingham,0,0,True,Sunderland,3
Zach Abbott,477,0,0,0,0,0,0,0,0,0,0,0,0,0,0.0,0.0,0.0,0.0,0,0.00,0.00,0.00,0.00,0,False,28,Nottingham,DEF,40,Sunderland,Nottingham,0,0,True,Sunderland,3
Luca Netz,478,0,0,0,0,0,0,0,0,0,0,0,0,0,0.0,0.0,0.0,0.0,0,0.00,0.00,0.00,0.00,0,False,28,Nottingham,DEF,45,Sunderland,Nottingham,0,0,True,Sunderland,3
Tyler Bindon,479,0,0,0,0,0,0,0,0,0,0,0,0,0,0.0,0.0,0.0,0.0,0,0.00,0.00,0.00,0.00,0,False,28,Nottingham,DEF,40,Sunderland,Nottingham,0,0,True,Sunderland,3
Morgan Gibbs-White,480,90,0,0,1,0,0,0,0,0,0,0,0,3,5.6,3.0,13.0,2.2,1,0.48,0.01,0.49,1.06,3,False,28,Nottingham,MID,79,Sunderland,Nottingham,0,0,True,Sunderland,3
Elliot Anderson,481,90,0,0,1,0,0,0,0,0,0,0,0,23,26.6,28.1,5.0,6.0,1,0.02,0.17,0.19,1.37,3,False,26,Manchester City,MID,64,Coventry City,Manchester City,0,1,True,Coventry City,3
Callum Hudson-Odoi,482,0,0,0,0,0,0,0,0,0,0,0,0,0,0.0,0.0,0.0,0.0,0,0.00,0.00,0.00,0.00,0,False,28,Nottingham,MID,59,Sunderland,Nottingham,0,0,True,Sunderland,3
Dan Ndoye,483,58,0,0,0,0,0,0,0,0,0,0,0,5,0.4,0.3,0.0,0.1,1,0.00,0.00,0.00,0.81,1,False,28,Nottingham,MID,55,Sunderland,Nottingham,0,0,True,Sunderland,3
Omari Hutchinson,484,0,0,0,0,0,0,0,0,0,0,0,0,0,0.0,0.0,0.0,0.0,0,0.00,0.00,0.00,0.00,0,False,28,Nottingham,MID,54,Sunderland,Nottingham,0,0,True,Sunderland,3
Dilane Bakwa,485,0,0,0,0,0,0,0,0,0,0,0,0,0,0.0,0.0,0.0,0.0,0,0.00,0.00,0.00,0.00,0,False,28,Nottingham,MID,55,Sunderland,Nottingham,0,0,True,Sunderland,3
James McAtee,486,90,0,0,1,0,0,0,0,1,0,0,0,22,14.2,59.5,10.0,8.4,1,0.13,0.22,0.35,1.06,2,False,28,Nottingham,MID,55,Sunderland,Nottingham,0,0,True,Sunderland,3
Nicolás Domínguez,487,0,0,0,0,0,0,0,0,0,0,0,0,0,0.0,0.0,0.0,0.0,0,0.00,0.00,0.00,0.00,0,False,28,Nottingham,MID,50,Sunderland,Nottingham,0,0,True,Sunderland,3
Ibrahim Sangaré,488,0,0,0,0,0,0,0,0,0,0,0,0,0,0.0,0.0,0.0,0.0,0,0.00,0.00,0.00,0.00,0,False,28,Nottingham,MID,49,Sunderland,Nottingham,0,0,True,Sunderland,3
Ryan Yates,489,0,0,0,0,0,0,0,0,0,0,0,0,0,0.0,0.0,0.0,0.0,0,0.00,0.00,0.00,0.00,0,False,28,Nottingham,MID,45,Sunderland,Nottingham,0,0,True,Sunderland,3
Chris Wood,490,16,0,0,0,0,0,0,0,0,0,0,0,3,0.2,0.1,0.0,0.0,0,0.00,0.00,0.00,0.18,1,False,28,Nottingham,FWD,59,Sunderland,Nottingham,0,0,True,Sunderland,3
Igor Jesus Maciel da Cruz,491,31,0,0,0,0,0,0,0,0,0,0,0,3,1.2,0.4,0.0,0.2,0,0.00,0.00,0.00,0.26,1,False,28,Nottingham,FWD,59,Sunderland,Nottingham,0,0,True,Sunderland,3
Taiwo Awoniyi,492,70,0,0,0,1,0,0,0,0,0,0,0,6,3.6,10.3,3.0,1.7,1,0.31,0.00,0.31,1.17,2,False,26,Coventry City,FWD,55,Coventry City,Manchester City,0,1,False,Manchester City,3
Arnaud Kalimuendo,493,0,0,0,0,0,0,0,0,0,0,0,0,0,0.0,0.0,0.0,0.0,0,0.00,0.00,0.00,0.00,0,False,28,Nottingham,FWD,54,Sunderland,Nottingham,0,0,True,Sunderland,3
Guglielmo Vicario,494,0,0,0,0,0,0,0,0,0,0,0,0,0,0.0,0.0,0.0,0.0,0,0.00,0.00,0.00,0.00,0,False,28,Sunderland,GK,45,Sunderland,Nottingham,0,0,False,Nottingham,3
Brandon Austin,495,0,0,0,0,0,0,0,0,0,0,0,0,0,0.0,0.0,0.0,0.0,0,0.00,0.00,0.00,0.00,0,False,28,Sunderland,GK,40,Sunderland,Nottingham,0,0,False,Nottingham,3
Antonín Kinský,496,90,0,0,1,0,0,0,0,0,0,1,0,24,10.4,10.0,0.0,2.0,1,0.00,0.00,0.00,0.92,6,False,28,Sunderland,GK,45,Sunderland,Nottingham,0,0,False,Nottingham,3
Martin Dubravka,497,0,0,0,0,0,0,0,0,0,0,0,0,0,0.0,0.0,0.0,0.0,0,0.00,0.00,0.00,0.00,0,False,28,Sunderland,GK,40,Sunderland,Nottingham,0,0,False,Nottingham,3
Marcos Senesi Barón,498,0,0,0,0,0,0,0,0,0,0,0,0,0,0.0,0.0,0.0,0.0,0,0.00,0.00,0.00,0.00,0,False,28,Sunderland,DEF,59,Sunderland,Nottingham,0,0,False,Nottingham,3
Pedro Porro Sauceda,499,90,0,0,1,0,0,0,0,0,0,0,1,28,13.2,35.8,6.0,5.5,1,0.03,0.06,0.09,0.92,7,False,28,Sunderland,DEF,55,Sunderland,Nottingham,0,0,False,Nottingham,3
Cristian Romero,500,0,0,0,0,0,0,0,0,0,0,0,0,0,0.0,0.0,0.0,0.0,0,0.00,0.00,0.00,0.00,0,False,28,Sunderland,DEF,50,Sunderland,Nottingham,0,0,False,Nottingham,3
Kevin Danso,501,90,0,0,0,1,0,0,0,0,0,0,0,9,20.8,10.9,0.0,3.2,1,0.00,0.08,0.08,1.21,2,False,22,Tottenham,DEF,50,Tottenham,Brentford,1,1,False,Brentford,3
Andrew Robertson,502,29,0,0,0,0,0,0,0,0,0,0,0,3,6.0,0.3,0.0,0.6,0,0.00,0.00,0.00,0.43,1,False,28,Sunderland,DEF,45,Sunderland,Nottingham,0,0,False,Nottingham,3
Micky van de Ven,503,90,0,0,1,0,0,0,0,0,0,0,3,30,21.4,1.2,14.0,3.7,1,0.57,0.00,0.57,0.92,9,False,28,Sunderland,DEF,50,Sunderland,Nottingham,0,0,False,Nottingham,3
Luka Vušković,504,90,1,0,0,1,0,0,0,0,0,0,2,27,56.2,1.8,40.0,9.8,1,0.19,0.01,0.20,2.49,12,True,23,Brighton,DEF,50,Leeds United,Brighton,1,1,True,Leeds United,3
Djed Spence,505,0,0,0,0,0,0,0,0,0,0,0,0,0,0.0,0.0,0.0,0.0,0,0.00,0.00,0.00,0.00,0,False,28,Sunderland,DEF,45,Sunderland,Nottingham,0,0,False,Nottingham,3
Destiny Udogie,506,60,0,0,1,0,0,0,0,1,0,0,0,16,4.6,1.3,2.0,0.8,1,0.00,0.02,0.02,0.49,5,False,28,Sunderland,DEF,45,Sunderland,Nottingham,0,0,False,Nottingham,3
Ashley Phillips,507,0,0,0,0,0,0,0,0,0,0,0,0,0,0.0,0.0,0.0,0.0,0,0.00,0.00,0.00,0.00,0,False,28,Sunderland,DEF,45,Sunderland,Nottingham,0,0,False,Nottingham,3
Ben Davies,508,0,0,0,0,0,0,0,0,0,0,0,0,0,0.0,0.0,0.0,0.0,0,0.00,0.00,0.00,0.00,0,False,28,Sunderland,DEF,40,Sunderland,Nottingham,0,0,False,Nottingham,3
Jun'ai Byfield,509,0,0,0,0,0,0,0,0,0,0,0,0,0,0.0,0.0,0.0,0.0,0,0.00,0.00,0.00,0.00,0,False,28,Sunderland,DEF,40,Sunderland,Nottingham,0,0,False,Nottingham,3
James Rowswell,510,0,0,0,0,0,0,0,0,0,0,0,0,0,0.0,0.0,0.0,0.0,0,0.00,0.00,0.00,0.00,0,False,28,Sunderland,DEF,40,Sunderland,Nottingham,0,0,False,Nottingham,3
João Victor de Souza Menezes,511,0,0,0,0,0,0,0,0,0,0,0,0,0,0.0,0.0,0.0,0.0,0,0.00,0.00,0.00,0.00,0,False,28,Sunderland,DEF,40,Sunderland,Nottingham,0,0,False,Nottingham,3
Mohammed Kudus,512,29,0,0,0,0,0,0,0,0,0,0,0,13,5.2,15.1,2.0,2.2,0,0.00,0.16,0.16,0.43,1,False,28,Sunderland,MID,65,Sunderland,Nottingham,0,0,False,Nottingham,3
Xavi Simons,513,0,0,0,0,0,0,0,0,0,0,0,0,0,0.0,0.0,0.0,0.0,0,0.00,0.00,0.00,0.00,0,False,28,Sunderland,MID,60,Sunderland,Nottingham,0,0,False,Nottingham,3
Mathys Tel,514,73,0,0,1,0,0,0,0,0,0,0,0,11,6.8,20.2,20.0,4.7,1,0.00,0.05,0.05,0.76,3,False,28,Sunderland,MID,59,Sunderland,Nottingham,0,0,False,Nottingham,3
James Maddison,515,0,0,0,0,0,0,0,0,0,0,0,0,0,0.0,0.0,0.0,0.0,0,0.00,0.00,0.00,0.00,0,False,28,Sunderland,MID,64,Sunderland,Nottingham,0,0,False,Nottingham,3
Rodrigo Bentancur,516,90,0,0,1,0,0,0,0,0,0,0,0,14,18.4,3.3,6.0,2.8,1,0.02,0.01,0.03,0.92,5,False,28,Sunderland,MID,55,Sunderland,Nottingham,0,0,False,Nottingham,3
Wilson Odobert,517,0,0,0,0,0,0,0,0,0,0,0,0,0,0.0,0.0,0.0,0.0,0,0.00,0.00,0.00,0.00,0,False,28,Sunderland,MID,55,Sunderland,Nottingham,0,0,False,Nottingham,3
Pape Matar Sarr,518,0,0,0,0,0,0,0,0,0,0,0,0,0,0.0,0.0,0.0,0.0,0,0.00,0.00,0.00,0.00,0,False,28,Sunderland,MID,49,Sunderland,Nottingham,0,0,False,Nottingham,3
Conor Gallagher,519,83,0,0,1,0,0,0,0,0,0,0,0,23,10.2,4.4,2.0,1.7,1,0.00,0.06,0.06,0.88,3,False,28,Sunderland,MID,54,Sunderland,Nottingham,0,0,False,Nottingham,3
Lucas Bergvall,520,0,0,0,0,0,0,0,0,0,0,0,0,0,0.0,0.0,0.0,0.0,0,0.00,0.00,0.00,0.00,0,False,28,Sunderland,MID,54,Sunderland,Nottingham,0,0,False,Nottingham,3
Dejan Kulusevski,521,0,0,0,0,0,0,0,0,0,0,0,0,0,0.0,0.0,0.0,0.0,0,0.00,0.00,0.00,0.00,0,False,28,Sunderland,MID,65,Sunderland,Nottingham,0,0,False,Nottingham,3
Archie Gray,522,0,0,0,0,0,0,0,0,0,0,0,0,0,0.0,0.0,0.0,0.0,0,0.00,0.00,0.00,0.00,0,False,28,Sunderland,MID,50,Sunderland,Nottingham,0,0,False,Nottingham,3
Mikey Moore,523,0,0,0,0,0,0,0,0,0,0,0,0,0,0.0,0.0,0.0,0.0,0,0.00,0.00,0.00,0.00,0,False,28,Sunderland,MID,50,Sunderland,Nottingham,0,0,False,Nottingham,3
Callum Olusesi,524,0,0,0,0,0,0,0,0,0,0,0,0,0,0.0,0.0,0.0,0.0,0,0.00,0.00,0.00,0.00,0,False,28,Sunderland,MID,45,Sunderland,Nottingham,0,0,False,Nottingham,3
Mateus Fernandes,525,7,0,0,0,0,0,0,0,1,0,0,0,-1,0.0,0.4,0.0,0.0,0,0.00,0.00,0.00,0.04,0,False,28,Sunderland,MID,59,Sunderland,Nottingham,0,0,False,Nottingham,3
Dominic Solanke-Mitchell,526,6,0,0,0,0,0,0,0,0,0,0,0,-1,0.0,0.3,4.0,0.4,0,0.17,0.00,0.17,0.04,1,False,28,Sunderland,FWD,59,Sunderland,Nottingham,0,0,False,Nottingham,3
Richarlison de Andrade,527,0,0,0,0,0,0,0,0,0,0,0,0,0,0.0,0.0,0.0,0.0,0,0.00,0.00,0.00,0.00,0,False,28,Sunderland,FWD,59,Sunderland,Nottingham,0,0,False,Nottingham,3
Dane Scarlett,528,0,0,0,0,0,0,0,0,0,0,0,0,0,0.0,0.0,0.0,0.0,0,0.00,0.00,0.00,0.00,0,False,28,Sunderland,FWD,45,Sunderland,Nottingham,0,0,False,Nottingham,3
Robin Roefs,529,90,0,0,0,1,0,0,0,0,0,1,0,11,12.6,0.0,0.0,1.3,1,0.00,0.00,0.00,1.21,2,False,22,Tottenham,GK,50,Tottenham,Brentford,1,1,False,Brentford,3
Anthony Patterson,530,0,0,0,0,0,0,0,0,0,0,0,0,0,0.0,0.0,0.0,0.0,0,0.00,0.00,0.00,0.00,0,False,22,Tottenham,GK,40,Tottenham,Brentford,1,1,False,Brentford,3
Melker Ellborg,531,0,0,0,0,0,0,0,0,0,0,0,0,0,0.0,0.0,0.0,0.0,0,0.00,0.00,0.00,0.00,0,False,22,Tottenham,GK,45,Tottenham,Brentford,1,1,False,Brentford,3
Daniel Ballard,532,90,0,0,0,1,0,0,0,0,0,0,0,12,25.0,10.3,8.0,4.3,1,0.06,0.14,0.20,1.21,4,False,22,Tottenham,DEF,50,Tottenham,Brentford,1,1,False,Brentford,3
Nordi Mukiele,533,90,0,0,0,1,0,0,0,0,0,0,0,16,32.4,5.0,0.0,3.7,1,0.00,0.02,0.02,1.21,4,False,22,Tottenham,DEF,55,Tottenham,Brentford,1,1,False,Brentford,3
Trai Hume,534,26,0,0,0,0,0,0,0,0,0,0,0,8,3.8,0.1,0.0,0.4,0,0.00,0.00,0.00,0.45,1,False,22,Tottenham,DEF,45,Tottenham,Brentford,1,1,False,Brentford,3
Omar Alderete,535,0,0,0,0,0,0,0,0,0,0,0,0,0,0.0,0.0,0.0,0.0,0,0.00,0.00,0.00,0.00,0,False,22,Tottenham,DEF,50,Tottenham,Brentford,1,1,False,Brentford,3
Reinildo Mandava,536,90,0,0,0,1,0,0,0,0,0,0,0,14,14.4,1.5,0.0,1.6,1,0.00,0.01,0.01,1.21,2,False,22,Tottenham,DEF,45,Tottenham,Brentford,1,1,False,Brentford,3
Jenson Seelt,537,0,0,0,0,0,0,0,0,0,0,0,0,0,0.0,0.0,0.0,0.0,0,0.00,0.00,0.00,0.00,0,False,22,Tottenham,DEF,45,Tottenham,Brentford,1,1,False,Brentford,3
Leo Fuhr Hjelde,538,0,0,0,0,0,0,0,0,0,0,0,0,0,0.0,0.0,0.0,0.0,0,0.00,0.00,0.00,0.00,0,False,22,Tottenham,DEF,40,Tottenham,Brentford,1,1,False,Brentford,3
Luke O'Nien,539,0,0,0,0,0,0,0,0,0,0,0,0,0,0.0,0.0,0.0,0.0,0,0.00,0.00,0.00,0.00,0,False,22,Tottenham,DEF,40,Tottenham,Brentford,1,1,False,Brentford,3
Arthur Masuaku,540,0,0,0,0,0,0,0,0,0,0,0,0,0,0.0,0.0,0.0,0.0,0,0.00,0.00,0.00,0.00,0,False,22,Tottenham,DEF,40,Tottenham,Brentford,1,1,False,Brentford,3
Thomas Meunier,541,63,0,0,0,1,0,0,0,0,0,0,0,0,5.2,1.5,6.0,1.3,1,0.11,0.00,0.11,0.76,2,False,22,Tottenham,DEF,45,Tottenham,Brentford,1,1,False,Brentford,3
Enzo Le Fée,542,90,1,0,0,1,0,0,0,0,0,0,1,25,40.0,3.7,24.0,6.8,1,0.84,0.03,0.87,1.21,8,False,22,Tottenham,MID,59,Tottenham,Brentford,1,1,False,Brentford,3
Habib Diarra,543,0,0,0,0,0,0,0,0,0,0,0,0,0,0.0,0.0,0.0,0.0,0,0.00,0.00,0.00,0.00,0,False,22,Tottenham,MID,55,Tottenham,Brentford,1,1,False,Brentford,3
Granit Xhaka,544,90,0,0,0,1,0,0,0,1,0,0,0,12,15.2,20.5,3.0,3.9,1,0.06,0.12,0.18,1.21,3,False,22,Tottenham,MID,55,Tottenham,Brentford,1,1,False,Brentford,3
Noah Sadiki,545,73,0,0,0,1,0,0,0,1,0,0,0,16,8.8,15.0,48.0,7.2,1,0.28,0.18,0.46,0.82,1,False,22,Tottenham,MID,50,Tottenham,Brentford,1,1,False,Brentford,3
Simon Adingra,546,0,0,0,0,0,0,0,0,0,0,0,0,0,0.0,0.0,0.0,0.0,0,0.00,0.00,0.00,0.00,0,False,22,Tottenham,MID,49,Tottenham,Brentford,1,1,False,Brentford,3
Romaine Mundle,547,0,0,0,0,0,0,0,0,0,0,0,0,0,0.0,0.0,0.0,0.0,0,0.00,0.00,0.00,0.00,0,False,22,Tottenham,MID,50,Tottenham,Brentford,1,1,False,Brentford,3
Chris Rigg,548,0,0,0,0,0,0,0,0,0,0,0,0,0,0.0,0.0,0.0,0.0,0,0.00,0.00,0.00,0.00,0,False,22,Tottenham,MID,50,Tottenham,Brentford,1,1,False,Brentford,3
Chemsdine Talbi,549,0,0,0,0,0,0,0,0,0,0,0,0,0,0.0,0.0,0.0,0.0,0,0.00,0.00,0.00,0.00,0,False,22,Tottenham,MID,54,Tottenham,Brentford,1,1,False,Brentford,3
Djiamgone Jocelin Ta Bi,550,0,0,0,0,0,0,0,0,0,0,0,0,0,0.0,0.0,0.0,0.0,0,0.00,0.00,0.00,0.00,0,False,22,Tottenham,MID,50,Tottenham,Brentford,1,1,False,Brentford,3
Nilson Angulo,551,63,0,0,0,1,0,0,0,0,0,0,0,11,8.6,5.7,16.0,3.0,1,0.00,0.07,0.07,0.76,2,False,22,Tottenham,MID,50,Tottenham,Brentford,1,1,False,Brentford,3
Brian Brobbey,552,90,0,0,0,1,0,0,0,0,0,0,0,11,4.4,37.1,29.0,7.1,1,0.26,0.06,0.32,1.21,2,False,22,Tottenham,FWD,59,Tottenham,Brentford,1,1,False,Brentford,3
Wilson Isidor,553,26,0,1,0,0,0,0,0,0,0,0,0,15,0.2,0.3,10.0,1.1,0,0.10,0.01,0.11,0.45,4,False,22,Tottenham,FWD,55,Tottenham,Brentford,1,1,False,Brentford,3
Kayne van Oevelen,554,0,0,0,0,0,0,0,0,0,0,0,0,0,0.0,0.0,0.0,0.0,0,0.00,0.00,0.00,0.00,0,False,21,Ipswich Town,GK,45,Liverpool,Ipswich Town,2,0,True,Liverpool,3
Remi Matthews,555,0,0,0,0,0,0,0,0,0,0,0,0,0,0.0,0.0,0.0,0.0,0,0.00,0.00,0.00,0.00,0,False,24,Crystal Palace,GK,40,Crystal Palace,Fulham,3,2,False,Fulham,3
Matt Targett,556,0,0,0,0,0,0,0,0,0,0,0,0,0,0.0,0.0,0.0,0.0,0,0.00,0.00,0.00,0.00,0,False,25,Hull City,DEF,40,Aston Villa,Hull City,0,0,True,Aston Villa,3
Christos Tzolis,557,90,0,1,0,1,0,0,0,1,0,0,1,31,30.6,50.0,4.0,8.5,1,0.00,0.20,0.20,0.39,5,False,29,Arsenal,MID,65,Chelsea,Arsenal,1,2,True,Chelsea,3
Xaver Schlager,558,90,0,0,1,0,0,0,0,0,0,0,0,18,11.2,2.3,1.0,1.5,1,0.03,0.06,0.09,1.06,3,False,28,Nottingham,MID,50,Sunderland,Nottingham,0,0,True,Sunderland,3
Aladji Bamba,559,0,0,0,0,0,0,0,0,0,0,0,0,0,0.0,0.0,0.0,0.0,0,0.00,0.00,0.00,0.00,0,False,27,Newcastle,MID,50,Bournemouth,Newcastle,2,2,True,Bournemouth,3
Mike Penders,560,0,0,0,0,0,0,0,0,0,0,0,0,0,0.0,0.0,0.0,0.0,0,0.00,0.00,0.00,0.00,0,False,29,Chelsea,GK,45,Chelsea,Arsenal,1,2,False,Arsenal,3
Aaron Anselmino,561,0,0,0,0,0,0,0,0,0,0,0,0,0,0.0,0.0,0.0,0.0,0,0.00,0.00,0.00,0.00,0,False,29,Chelsea,DEF,45,Chelsea,Arsenal,1,2,False,Arsenal,3
Daizen Maeda,562,65,0,0,0,2,0,0,0,0,0,0,0,9,8.2,0.1,17.0,2.5,1,0.04,0.00,0.04,0.62,2,False,21,Ipswich Town,MID,55,Liverpool,Ipswich Town,2,0,True,Liverpool,3
Hidemasa Morita,563,0,0,0,0,0,0,0,0,0,0,0,0,0,0.0,0.0,0.0,0.0,0,0.00,0.00,0.00,0.00,0,False,25,Hull City,MID,50,Aston Villa,Hull City,0,0,True,Aston Villa,3
Kjell Scherpen,564,90,0,0,0,2,0,0,0,0,0,5,0,13,27.8,0.0,0.0,2.8,1,0.00,0.00,0.00,0.69,2,False,21,Ipswich Town,GK,45,Liverpool,Ipswich Town,2,0,True,Liverpool,3
Mamadou Sangaré,565,45,0,0,0,0,0,0,0,1,0,0,0,0,0.0,1.3,8.0,0.6,1,0.15,0.01,0.16,0.35,0,False,22,Brentford,MID,57,Tottenham,Brentford,1,1,True,Tottenham,3
António João Pereira de Albuquerque Tavares da Silva,566,90,0,0,0,2,0,0,0,0,0,0,0,8,23.8,1.2,17.0,4.2,1,0.02,0.01,0.03,0.71,1,False,27,Bournemouth,DEF,50,Bournemouth,Newcastle,2,2,False,Newcastle,3
Lukás Hornícek,567,90,0,0,0,2,0,0,0,0,0,4,0,12,33.4,0.0,0.0,3.3,1,0.00,0.00,0.00,1.37,2,False,27,Newcastle,GK,50,Bournemouth,Newcastle,2,2,True,Bournemouth,3
Valentín Barco,568,0,0,0,0,0,0,0,0,0,0,0,0,0,0.0,0.0,0.0,0.0,0,0.00,0.00,0.00,0.00,0,False,29,Chelsea,MID,55,Chelsea,Arsenal,1,2,False,Arsenal,3
Gonzalo García,569,90,0,0,0,3,0,0,0,0,0,0,0,10,5.8,14.0,39.0,5.9,1,0.44,0.20,0.64,1.97,2,False,24,Fulham,FWD,60,Crystal Palace,Fulham,3,2,True,Crystal Palace,3
César Palacios,570,60,1,0,0,2,0,0,0,0,0,0,1,27,33.8,13.7,51.0,9.9,1,0.80,0.02,0.82,1.14,8,False,24,Fulham,MID,55,Crystal Palace,Fulham,3,2,True,Crystal Palace,3
Florentino Ibrain Morris Luís,571,0,0,0,0,0,0,0,0,0,0,0,0,0,0.0,0.0,0.0,0.0,0,0.00,0.00,0.00,0.00,0,False,21,Ipswich Town,MID,49,Liverpool,Ipswich Town,2,0,True,Liverpool,3
Konstantinos Tzolakis,572,90,0,0,1,0,0,0,0,0,0,1,0,25,11.6,0.0,0.0,1.2,1,0.00,0.00,0.00,1.93,6,False,25,Hull City,GK,46,Aston Villa,Hull City,0,0,True,Aston Villa,3
Juanlu Sánchez,573,0,0,0,0,0,0,0,0,0,0,0,0,0,0.0,0.0,0.0,0.0,0,0.00,0.00,0.00,0.00,0,False,27,Bournemouth,DEF,45,Bournemouth,Newcastle,2,2,False,Newcastle,3
Jens Hjertø-Dahl,574,8,0,0,0,0,0,0,0,0,0,0,0,4,0.0,0.0,0.0,0.0,0,0.00,0.00,0.00,0.00,1,False,25,Hull City,MID,50,Aston Villa,Hull City,0,0,True,Aston Villa,3
Caleb Yirenkyi,575,27,0,0,0,0,0,0,0,0,0,0,0,4,1.0,0.3,0.0,0.1,0,0.00,0.00,0.00,0.95,1,False,26,Coventry City,MID,50,Coventry City,Manchester City,0,1,False,Manchester City,3
Elliot Stroud,576,62,0,0,1,0,0,0,0,0,0,0,0,5,0.0,11.8,4.0,1.4,1,0.04,0.01,0.05,1.81,3,False,25,Hull City,MID,50,Aston Villa,Hull City,0,0,True,Aston Villa,3
Takehiro Tomiyasu,577,0,0,0,0,0,0,0,0,0,0,0,0,0,0.0,0.0,0.0,0.0,0,0.00,0.00,0.00,0.00,0,False,24,Crystal Palace,DEF,45,Crystal Palace,Fulham,3,2,False,Fulham,3
Mykhailo Mudryk,578,16,0,0,0,0,0,0,0,0,0,0,0,3,0.0,0.1,2.0,0.1,0,0.00,0.00,0.00,0.16,1,False,28,Sunderland,MID,54,Sunderland,Nottingham,0,0,False,Nottingham,3
Ronald Araujo,579,90,0,0,1,0,0,0,0,0,0,0,0,27,20.0,2.4,2.0,2.4,1,0.00,0.01,0.01,0.75,8,False,21,Liverpool,DEF,54,Liverpool,Ipswich Town,2,0,False,Ipswich Town,3
Shea Charles,580,78,0,0,0,3,0,0,0,0,0,0,0,18,12.4,35.2,8.0,5.6,1,0.00,0.09,0.09,1.97,2,False,24,Fulham,MID,50,Crystal Palace,Fulham,3,2,True,Crystal Palace,3
Ousmane Diomande,581,1,0,0,0,0,0,0,0,0,0,0,0,3,0.0,0.0,0.0,0.0,0,0.00,0.00,0.00,0.00,1,False,28,Nottingham,DEF,54,Sunderland,Nottingham,0,0,True,Sunderland,3
Brian Madjo,582,0,0,0,0,0,0,0,0,0,0,0,0,0,0.0,0.0,0.0,0.0,0,0.00,0.00,0.00,0.00,0,False,25,Aston Villa,FWD,55,Aston Villa,Hull City,0,0,False,Hull City,3
Pep Chavarría,583,30,0,0,0,0,0,0,0,0,0,0,0,2,2.4,2.0,4.0,0.8,0,0.00,0.00,0.00,0.14,1,False,29,Chelsea,DEF,50,Chelsea,Arsenal,1,2,False,Arsenal,3
Gustavo Hamer,584,5,0,0,0,0,0,0,0,0,0,0,0,1,0.0,0.0,0.0,0.0,0,0.00,0.00,0.00,0.00,1,False,26,Coventry City,MID,55,Coventry City,Manchester City,0,1,False,Manchester City,3
Lucas Herrington,585,19,0,0,0,0,0,0,0,0,0,0,0,2,6.6,0.1,0.0,0.7,0,0.00,0.00,0.00,0.12,1,False,25,Hull City,DEF,40,Aston Villa,Hull City,0,0,True,Aston Villa,3
Nobel Mendy,586,70,0,0,1,0,0,0,0,0,0,0,0,22,16.2,0.6,14.0,3.1,1,0.03,0.00,0.03,1.81,8,False,25,Hull City,DEF,40,Aston Villa,Hull City,0,0,True,Aston Villa,3
Gerónimo Rulli,587,0,0,0,0,0,0,0,0,0,0,0,0,0,0.0,0.0,0.0,0.0,0,0.00,0.00,0.00,0.00,0,False,26,Manchester City,GK,50,Coventry City,Manchester City,0,1,True,Coventry City,3
Anan Khalaili,588,90,0,0,0,2,0,0,0,0,0,0,0,6,21.6,2.3,8.0,3.2,1,0.72,0.01,0.73,3.14,3,False,24,Crystal Palace,DEF,50,Crystal Palace,Fulham,3,2,False,Fulham,3
Lucas Gourna-Douath,589,81,0,0,1,0,0,0,0,1,0,0,0,7,13.4,21.6,0.0,3.5,1,0.00,0.01,0.01,1.93,2,False,25,Hull City,MID,50,Aston Villa,Hull City,0,0,True,Aston Villa,3
Steven Benda,590,0,0,0,0,0,0,0,0,0,0,0,0,0,0.0,0.0,0.0,0.0,0,0.00,0.00,0.00,0.00,0,False,28,Nottingham,GK,45,Sunderland,Nottingham,0,0,True,Sunderland,3
Julio Enciso,591,90,0,0,0,2,0,0,0,1,0,0,0,16,10.2,22.5,23.0,5.6,1,0.24,0.02,0.26,0.69,1,False,21,Ipswich Town,MID,55,Liverpool,Ipswich Town,2,0,True,Liverpool,3
Abdoul Ouattara,592,12,0,0,0,0,0,0,0,0,0,0,0,4,3.6,14.0,0.0,1.8,0,0.00,0.02,0.02,0.00,1,False,21,Ipswich Town,DEF,40,Liverpool,Ipswich Town,2,0,True,Liverpool,3
Amar Dedic,593,90,0,0,0,2,0,0,0,0,0,0,0,3,0.6,6.4,10.0,1.7,1,0.11,0.02,0.13,1.37,1,False,27,Newcastle,DEF,45,Bournemouth,Newcastle,2,2,True,Bournemouth,3
Promise David,594,13,0,0,0,0,0,0,0,1,0,0,0,-7,0.0,0.0,4.0,0.0,0,0.42,0.00,0.42,0.10,0,False,23,Brighton,FWD,60,Leeds United,Brighton,1,1,True,Leeds United,3
Zavier Gozo,595,0,0,0,0,0,0,0,0,0,0,0,0,0,0.0,0.0,0.0,0.0,0,0.00,0.00,0.00,0.00,0,False,24,Crystal Palace,MID,50,Crystal Palace,Fulham,3,2,False,Fulham,3
Matteo Ruggeri,596,15,0,0,0,0,0,0,0,0,0,0,0,3,2.6,2.6,0.0,0.5,0,0.00,0.01,0.01,0.35,1,False,25,Aston Villa,DEF,45,Aston Villa,Hull City,0,0,False,Hull City,3
Zion Suzuki,597,90,0,0,1,0,0,0,0,0,0,4,3,38,27.2,0.0,0.0,2.7,1,0.00,0.00,0.00,0.57,10,True,25,Aston Villa,GK,50,Aston Villa,Hull City,0,0,False,Hull City,3
Nico Elvedi,598,90,0,0,0,1,0,0,0,0,0,0,0,12,27.6,21.1,6.0,5.5,1,0.00,0.57,0.57,2.19,4,False,23,Leeds United,DEF,45,Leeds United,Brighton,1,1,False,Brighton,3
Sidiki Cherif,599,0,0,0,0,0,0,0,0,0,0,0,0,0,0.0,0.0,0.0,0.0,0,0.00,0.00,0.00,0.00,0,False,26,Coventry City,FWD,50,Coventry City,Manchester City,0,1,False,Manchester City,3
Ibrahim Osman,600,0,0,0,0,0,0,0,0,0,0,0,0,0,0.0,0.0,0.0,0.0,0,0.00,0.00,0.00,0.00,0,False,23,Brighton,MID,50,Leeds United,Brighton,1,1,True,Leeds United,3
Luca Williams-Barnett,601,0,0,0,0,0,0,0,0,0,0,0,0,0,0.0,0.0,0.0,0.0,0,0.00,0.00,0.00,0.00,0,False,28,Sunderland,MID,45,Sunderland,Nottingham,0,0,False,Nottingham,3
Cameron Humphreys,602,0,0,0,0,0,0,0,0,0,0,0,0,0,0.0,0.0,0.0,0.0,0,0.00,0.00,0.00,0.00,0,False,21,Ipswich Town,MID,45,Liverpool,Ipswich Town,2,0,True,Liverpool,3
Jayden Lienou,603,0,0,0,0,0,0,0,0,0,0,0,0,0,0.0,0.0,0.0,0.0,0,0.00,0.00,0.00,0.00,0,False,23,Leeds United,DEF,40,Leeds United,Brighton,1,1,False,Brighton,3
Alfie Cresswell,604,0,0,0,0,0,0,0,0,0,0,0,0,0,0.0,0.0,0.0,0.0,0,0.00,0.00,0.00,0.00,0,False,23,Leeds United,MID,45,Leeds United,Brighton,1,1,False,Brighton,3
Malick Yalcouyé,605,90,0,0,0,1,0,0,0,0,0,0,0,16,8.2,24.4,20.0,5.3,1,0.05,0.09,0.14,2.49,2,False,23,Brighton,MID,45,Leeds United,Brighton,1,1,True,Leeds United,3
Triston Rowe,606,0,0,0,0,0,0,0,0,0,0,0,0,0,0.0,0.0,0.0,0.0,0,0.00,0.00,0.00,0.00,0,False,25,Aston Villa,DEF,40,Aston Villa,Hull City,0,0,False,Hull City,3
Luka Lynch,607,0,0,0,0,0,0,0,0,0,0,0,0,0,0.0,0.0,0.0,0.0,0,0.00,0.00,0.00,0.00,0,False,25,Aston Villa,MID,45,Aston Villa,Hull City,0,0,False,Hull City,3
Daniel Jebbison,608,1,0,0,0,0,0,0,0,0,0,0,0,4,0.0,0.0,0.0,0.0,0,0.00,0.00,0.00,0.05,1,False,27,Bournemouth,FWD,50,Bournemouth,Newcastle,2,2,False,Newcastle,3
Leo Shahar,609,0,0,0,0,0,0,0,0,0,0,0,0,0,0.0,0.0,0.0,0.0,0,0.00,0.00,0.00,0.00,0,False,27,Newcastle,DEF,40,Bournemouth,Newcastle,2,2,True,Bournemouth,3
Luc De Fougerolles,610,0,0,0,0,0,0,0,0,0,0,0,0,0,0.0,0.0,0.0,0.0,0,0.00,0.00,0.00,0.00,0,False,24,Fulham,DEF,40,Crystal Palace,Fulham,3,2,True,Crystal Palace,3
Aaron Wan-Bissaka,611,5,0,0,0,0,0,0,0,0,0,0,0,3,2.8,0.9,0.0,0.4,0,0.00,0.00,0.00,0.35,1,False,25,Aston Villa,DEF,45,Aston Villa,Hull City,0,0,False,Hull City,3
Dayann Méthalie,612,0,0,0,0,0,0,0,0,0,0,0,0,0,0.0,0.0,0.0,0.0,0,0.00,0.00,0.00,0.00,0,False,22,Tottenham,DEF,45,Tottenham,Brentford,1,1,False,Brentford,3
Jules Ahoka,613,0,0,0,0,0,0,0,0,0,0,0,0,0,0.0,0.0,0.0,0.0,0,0.00,0.00,0.00,0.00,0,False,22,Tottenham,MID,45,Tottenham,Brentford,1,1,False,Brentford,3
Jaouen Hadjam,614,0,0,0,0,0,0,0,0,0,0,0,0,0,0.0,0.0,0.0,0.0,0,0.00,0.00,0.00,0.00,0,False,23,Brighton,DEF,45,Leeds United,Brighton,1,1,True,Leeds United,3
Michele Di Gregorio,615,0,0,0,0,0,0,0,0,0,0,0,0,0,0.0,0.0,0.0,0.0,0,0.00,0.00,0.00,0.00,0,False,27,Bournemouth,GK,45,Bournemouth,Newcastle,2,2,False,Newcastle,3
Ayyoub Bouaddi,616,14,0,0,0,0,0,0,0,0,0,0,0,5,11.2,0.5,0.0,1.2,0,0.00,0.00,0.00,0.37,1,False,26,Manchester City,MID,55,Coventry City,Manchester City,0,1,True,Coventry City,3
Mohamed-Ali Cho,617,8,0,0,0,0,0,0,0,0,0,0,0,5,3.0,0.0,17.0,2.0,0,0.05,0.00,0.05,0.00,1,False,25,Hull City,MID,50,Aston Villa,Hull City,0,0,True,Aston Villa,3
Leon Goretzka,618,0,0,0,0,0,0,0,0,0,0,0,0,0,0.0,0.0,0.0,0.0,0,0.00,0.00,0.00,0.00,0,False,25,Aston Villa,MID,60,Aston Villa,Hull City,0,0,False,Hull City,3
Exequiel Palacios,619,77,0,0,0,2,0,0,0,0,0,0,0,24,20.2,22.5,0.0,4.3,1,0.00,0.02,0.02,0.69,4,False,21,Ipswich Town,MID,50,Liverpool,Ipswich Town,2,0,True,Liverpool,3
El Hadji Malick Diouf,620,0,0,0,0,0,0,0,0,0,0,0,0,0,0.0,0.0,0.0,0.0,0,0.00,0.00,0.00,0.00,0,False,22,Brentford,DEF,45,Tottenham,Brentford,1,1,True,Tottenham,3
Ryan McAidoo,621,3,0,0,0,0,0,0,0,0,0,0,0,5,5.2,0.0,2.0,0.7,0,0.00,0.00,0.00,0.02,1,False,26,Manchester City,MID,45,Coventry City,Manchester City,0,1,True,Coventry City,3
Kaden Braithwaite,622,0,0,0,0,0,0,0,0,0,0,0,0,0,0.0,0.0,0.0,0.0,0,0.00,0.00,0.00,0.00,0,False,26,Manchester City,DEF,40,Coventry City,Manchester City,0,1,True,Coventry City,3
Dan Bentley,623,0,0,0,0,0,0,0,0,0,0,0,0,0,0.0,0.0,0.0,0.0,0,0.00,0.00,0.00,0.00,0,False,26,Coventry City,GK,40,Coventry City,Manchester City,0,1,False,Manchester City,3
Amario Cozier-Duberry,624,0,0,0,0,0,0,0,0,0,0,0,0,0,0.0,0.0,0.0,0.0,0,0.00,0.00,0.00,0.00,0,False,23,Brighton,MID,50,Leeds United,Brighton,1,1,True,Leeds United,3
Alex Cairns,625,0,0,0,0,0,0,0,0,0,0,0,0,0,0.0,0.0,0.0,0.0,0,0.00,0.00,0.00,0.00,0,False,23,Leeds United,GK,40,Leeds United,Brighton,1,1,False,Brighton,3
Macaulay Zepa,626,0,0,0,0,0,0,0,0,0,0,0,0,0,0.0,0.0,0.0,0.0,0,0.00,0.00,0.00,0.00,0,False,24,Fulham,MID,45,Crystal Palace,Fulham,3,2,True,Crystal Palace,3
Bradley Barcola,627,26,0,0,0,0,0,0,0,0,0,0,0,5,3.0,10.5,2.0,1.6,0,0.00,0.07,0.07,0.17,1,False,21,Liverpool,MID,80,Liverpool,Ipswich Town,2,0,False,Ipswich Town,3
Allan Andrade Elias,628,0,0,0,0,0,0,0,0,0,0,0,0,0,0.0,0.0,0.0,0.0,0,0.00,0.00,0.00,0.00,0,False,26,Manchester City,MID,60,Coventry City,Manchester City,0,1,True,Coventry City,3
Michael Zetterer,629,0,0,0,0,0,0,0,0,0,0,0,0,0,0.0,0.0,0.0,0.0,0,0.00,0.00,0.00,0.00,0,False,23,Leeds United,GK,40,Leeds United,Brighton,1,1,False,Brighton,3
Taylor Harwood-Bellis,630,0,0,0,0,0,0,0,0,0,0,0,0,0,0.0,0.0,0.0,0.0,0,0.00,0.00,0.00,0.00,0,False,25,Aston Villa,DEF,45,Aston Villa,Hull City,0,0,False,Hull City,3
Ibrahim Mbaye,631,0,0,0,0,0,0,0,0,0,0,0,0,0,0.0,0.0,0.0,0.0,0,0.00,0.00,0.00,0.00,0,False,25,Aston Villa,MID,60,Aston Villa,Hull City,0,0,False,Hull City,3
Ilyas Ansah,632,0,0,0,0,0,0,0,0,0,0,0,0,0,0.0,0.0,0.0,0.0,0,0.00,0.00,0.00,0.00,0,False,25,Hull City,FWD,50,Aston Villa,Hull City,0,0,True,Aston Villa,3
Honest Ahanor,633,0,0,0,0,0,0,0,0,0,0,0,0,0,0.0,0.0,0.0,0.0,0,0.00,0.00,0.00,0.00,0,False,24,Crystal Palace,DEF,45,Crystal Palace,Fulham,3,2,False,Fulham,3
Matias Fernandez-Pardo,634,27,0,0,0,0,0,0,0,0,0,0,0,4,0.0,0.8,6.0,0.7,0,0.00,0.00,0.00,0.04,1,False,27,Newcastle,FWD,60,Bournemouth,Newcastle,2,2,True,Bournemouth,3
Hugo Larsson,635,11,0,0,0,0,0,0,0,0,0,0,0,3,3.6,1.3,9.0,1.4,0,0.13,0.22,0.35,0.00,1,False,24,Fulham,MID,50,Crystal Palace,Fulham,3,2,True,Crystal Palace,3
Manuel Ángel Morán Ibáñez,636,0,0,0,0,0,0,0,0,0,0,0,0,0,0.0,0.0,0.0,0.0,0,0.00,0.00,0.00,0.00,0,False,24,Fulham,MID,50,Crystal Palace,Fulham,3,2,True,Crystal Palace,3
Robinio Vaz,637,0,0,0,0,0,0,0,0,0,0,0,0,0,0.0,0.0,0.0,0.0,0,0.00,0.00,0.00,0.00,0,False,25,Hull City,FWD,50,Aston Villa,Hull City,0,0,True,Aston Villa,3
Brooke Norton-Cuffy,638,26,0,0,0,0,0,0,0,0,0,0,0,3,2.2,0.3,2.0,0.5,0,0.00,0.00,0.00,0.12,1,False,25,Hull City,DEF,40,Aston Villa,Hull City,0,0,True,Aston Villa,3
José María Andrés Baixauli,639,0,0,0,0,0,0,0,0,0,0,0,0,0,0.0,0.0,0.0,0.0,0,0.00,0.00,0.00,0.00,0,False,23,Brighton,MID,55,Leeds United,Brighton,1,1,True,Leeds United,3
Zian Flemming,640,24,0,0,0,0,0,0,0,0,0,0,0,4,3.2,0.5,7.0,1.1,0,0.02,0.01,0.03,0.06,1,False,21,Ipswich Town,FWD,55,Liverpool,Ipswich Town,2,0,True,Liverpool,3
Melvin Bard,641,0,0,0,0,0,0,0,0,0,0,0,0,0,0.0,0.0,0.0,0.0,0,0.00,0.00,0.00,0.00,0,False,23,Leeds United,DEF,45,Leeds United,Brighton,1,1,False,Brighton,3
Sorba Thomas,642,27,0,0,0,0,0,0,0,0,0,0,0,5,3.2,10.8,0.0,1.4,0,0.00,0.04,0.04,0.12,1,False,25,Hull City,MID,55,Aston Villa,Hull City,0,0,True,Aston Villa,3
Ben Chilwell,643,16,1,0,0,0,0,0,0,0,0,0,0,20,33.2,0.7,17.0,5.1,0,0.15,0.00,0.15,0.57,7,False,24,Crystal Palace,DEF,45,Crystal Palace,Fulham,3,2,False,Fulham,3
Quinten Timber,644,73,0,0,0,2,0,0,0,0,0,0,0,8,4.2,0.2,1.0,0.5,1,0.02,0.00,0.02,2.57,2,False,24,Crystal Palace,MID,50,Crystal Palace,Fulham,3,2,False,Fulham,3
Christos Mouzakitis,645,0,0,0,0,0,0,0,0,0,0,0,0,0,0.0,0.0,0.0,0.0,0,0.00,0.00,0.00,0.00,0,False,25,Hull City,MID,50,Aston Villa,Hull City,0,0,True,Aston Villa,3
Malick Fofana,646,16,0,0,0,0,0,0,0,0,0,0,0,3,0.0,0.5,0.0,0.1,0,0.00,0.00,0.00,0.39,1,False,22,Tottenham,MID,55,Tottenham,Brentford,1,1,False,Brentford,3
Darío Osorio,647,1,0,0,0,0,0,0,0,0,0,0,0,2,2.0,0.3,0.0,0.2,0,0.00,0.00,0.00,0.13,1,False,24,Crystal Palace,MID,55,Crystal Palace,Fulham,3,2,False,Fulham,3
Jean-Mattéo Bahoya,648,0,0,0,0,0,0,0,0,0,0,0,0,0,0.0,0.0,0.0,0.0,0,0.00,0.00,0.00,0.00,0,False,23,Leeds United,MID,50,Leeds United,Brighton,1,1,False,Brighton,3
Ainsley Maitland-Niles,649,13,1,0,0,1,0,0,0,0,0,0,0,13,33.4,0.8,7.0,4.1,0,0.03,0.00,0.03,0.29,7,False,30,Everton,DEF,45,Manchester United,Everton,2,2,True,Manchester United,3
David Affengruber,650,0,0,0,0,0,0,0,0,0,0,0,0,0,0.0,0.0,0.0,0.0,0,0.00,0.00,0.00,0.00,0,False,24,Fulham,DEF,45,Crystal Palace,Fulham,3,2,True,Crystal Palace,3
Juan Angulo,651,0,0,0,0,0,0,0,0,0,0,0,0,0,0.0,0.0,0.0,0.0,0,0.00,0.00,0.00,0.00,0,False,22,Tottenham,FWD,45,Tottenham,Brentford,1,1,False,Brentford,3
Femi Azeez,652,0,0,0,0,0,0,0,0,0,0,0,0,0,0.0,0.0,0.0,0.0,0,0.00,0.00,0.00,0.00,0,False,23,Brighton,MID,55,Leeds United,Brighton,1,1,True,Leeds United,3
Floyd Samba,653,0,0,0,0,0,0,0,0,0,0,0,0,0,0.0,0.0,0.0,0.0,0,0.00,0.00,0.00,0.00,0,False,26,Manchester City,MID,45,Coventry City,Manchester City,0,1,True,Coventry City,3
Braiden Graham,654,0,0,0,0,0,0,0,0,0,0,0,0,0,0.0,0.0,0.0,0.0,0,0.00,0.00,0.00,0.00,0,False,30,Everton,MID,45,Manchester United,Everton,2,2,True,Manchester United,3
